Accession ID,Collection date,Submission date,Location
EPI_ISL_16917389,01/01/2023,14/02/2023,South America / Brazil / Minas Gerais / Belo Horizonte
EPI_ISL_16917390,02/01/2023,14/02/2023,South America / Brazil / Minas Gerais / Belo Horizonte
EPI_ISL_16917391,01/01/2023,14/02/2023,South America / Brazil / Minas Gerais / Belo Horizonte
EPI_ISL_16917392,04/01/2023,14/02/2023,South America / Brazil / Minas Gerais / Belo Horizonte
EPI_ISL_16917393,01/01/2023,14/02/2023,South America / Brazil / Minas Gerais / Belo Horizonte
EPI_ISL_16917394,01/01/2023,14/02/2023,South America / Brazil / Minas Gerais / Belo Horizonte
EPI_ISL_16917395,01/01/2023,14/02/2023,South America / Brazil / Minas Gerais / Belo Horizonte
EPI_ISL_16917396,01/01/2023,14/02/2023,South America / Brazil / Minas Gerais / Belo Horizonte
EPI_ISL_16917397,01/01/2023,14/02/2023,South America / Brazil / Minas Gerais / Belo Horizonte
EPI_ISL_16917398,01/01/2023,14/02/2023,South America / Brazil / Minas Gerais / Belo Horizonte
EPI_ISL_16917399,04/01/2023,14/02/2023,South America / Brazil / Minas Gerais / Belo Horizonte
EPI_ISL_16917400,04/01/2023,14/02/2023,South America / Brazil / Minas Gerais / Belo Horizonte
EPI_ISL_16917401,04/01/2023,14/02/2023,South America / Brazil / Minas Gerais / Belo Horizonte
EPI_ISL_16917402,04/01/2023,14/02/2023,South America / Brazil / Minas Gerais / Belo Horizonte
EPI_ISL_16917403,05/01/2023,14/02/2023,South America / Brazil / Minas Gerais / Belo Horizonte
EPI_ISL_16917404,01/01/2023,14/02/2023,South America / Brazil / Minas Gerais / Belo Horizonte
EPI_ISL_16917405,01/01/2023,14/02/2023,South America / Brazil / Minas Gerais / Belo Horizonte
EPI_ISL_16917406,06/01/2023,14/02/2023,South America / Brazil / Minas Gerais / Belo Horizonte
EPI_ISL_16917407,06/01/2023,14/02/2023,South America / Brazil / Minas Gerais / Belo Horizonte
EPI_ISL_16917408,05/01/2023,14/02/2023,South America / Brazil / Minas Gerais / Belo Horizonte
EPI_ISL_16917409,05/01/2023,14/02/2023,South America / Brazil / Minas Gerais / Belo Horizonte
EPI_ISL_16968211,09/01/2023,18/02/2023,South America / Brazil / Minas Gerais / Belo Horizonte
EPI_ISL_16968212,09/01/2023,18/02/2023,South America / Brazil / Minas Gerais / Belo Horizonte
EPI_ISL_16968213,09/01/2023,18/02/2023,South America / Brazil / Minas Gerais / Belo Horizonte
EPI_ISL_16968214,09/01/2023,18/02/2023,South America / Brazil / Minas Gerais / Belo Horizonte
EPI_ISL_16968215,09/01/2023,18/02/2023,South America / Brazil / Minas Gerais / Belo Horizonte
EPI_ISL_16968216,09/01/2023,18/02/2023,South America / Brazil / Minas Gerais / Belo Horizonte
EPI_ISL_16968217,09/01/2023,18/02/2023,South America / Brazil / Minas Gerais / Belo Horizonte
EPI_ISL_16968218,09/01/2023,18/02/2023,South America / Brazil / Minas Gerais / Belo Horizonte
EPI_ISL_16968219,09/01/2023,18/02/2023,South America / Brazil / Minas Gerais / Belo Horizonte
EPI_ISL_16968220,09/01/2023,18/02/2023,South America / Brazil / Minas Gerais / Belo Horizonte
EPI_ISL_16968221,11/01/2023,18/02/2023,South America / Brazil / Minas Gerais / Belo Horizonte
EPI_ISL_16968222,11/01/2023,18/02/2023,South America / Brazil / Minas Gerais / Belo Horizonte
EPI_ISL_16968223,11/01/2023,18/02/2023,South America / Brazil / Minas Gerais / Belo Horizonte
EPI_ISL_16968224,11/01/2023,18/02/2023,South America / Brazil / Minas Gerais / Belo Horizonte
EPI_ISL_16968225,11/01/2023,18/02/2023,South America / Brazil / Minas Gerais / Belo Horizonte
EPI_ISL_16968226,11/01/2023,18/02/2023,South America / Brazil / Minas Gerais / Belo Horizonte
EPI_ISL_16968227,11/01/2023,18/02/2023,South America / Brazil / Minas Gerais / Belo Horizonte
EPI_ISL_16968228,12/01/2023,18/02/2023,South America / Brazil / Minas Gerais / Belo Horizonte
EPI_ISL_16968229,13/01/2023,18/02/2023,South America / Brazil / Minas Gerais / Belo Horizonte
EPI_ISL_16968230,13/01/2023,18/02/2023,South America / Brazil / Minas Gerais / Belo Horizonte
EPI_ISL_16968231,13/01/2023,18/02/2023,South America / Brazil / Minas Gerais / Belo Horizonte
EPI_ISL_16968232,13/01/2023,18/02/2023,South America / Brazil / Minas Gerais / Belo Horizonte
EPI_ISL_16968233,13/01/2023,18/02/2023,South America / Brazil / Minas Gerais / Belo Horizonte
EPI_ISL_16968234,13/01/2023,18/02/2023,South America / Brazil / Minas Gerais / Belo Horizonte
EPI_ISL_16968235,16/01/2023,18/02/2023,South America / Brazil / Minas Gerais / Belo Horizonte
EPI_ISL_16968236,16/01/2023,18/02/2023,South America / Brazil / Minas Gerais / Belo Horizonte
EPI_ISL_16968237,16/01/2023,18/02/2023,South America / Brazil / Minas Gerais / Belo Horizonte
EPI_ISL_16968238,16/01/2023,18/02/2023,South America / Brazil / Minas Gerais / Belo Horizonte
EPI_ISL_16968239,16/01/2023,18/02/2023,South America / Brazil / Minas Gerais / Belo Horizonte
EPI_ISL_16968240,16/01/2023,18/02/2023,South America / Brazil / Minas Gerais / Belo Horizonte
EPI_ISL_16968241,17/01/2023,18/02/2023,South America / Brazil / Minas Gerais / Belo Horizonte
EPI_ISL_16968242,18/01/2023,18/02/2023,South America / Brazil / Minas Gerais / Belo Horizonte
EPI_ISL_16968243,18/01/2023,18/02/2023,South America / Brazil / Minas Gerais / Belo Horizonte
EPI_ISL_16968244,18/01/2023,18/02/2023,South America / Brazil / Minas Gerais / Belo Horizonte
EPI_ISL_16968245,18/01/2023,18/02/2023,South America / Brazil / Minas Gerais / Belo Horizonte
EPI_ISL_16968246,18/01/2023,18/02/2023,South America / Brazil / Minas Gerais / Belo Horizonte
EPI_ISL_16968247,18/01/2023,18/02/2023,South America / Brazil / Minas Gerais / Belo Horizonte
EPI_ISL_16968248,19/01/2023,18/02/2023,South America / Brazil / Minas Gerais / Belo Horizonte
EPI_ISL_16968249,19/01/2023,18/02/2023,South America / Brazil / Minas Gerais / Belo Horizonte
EPI_ISL_16968250,20/01/2023,18/02/2023,South America / Brazil / Minas Gerais / Belo Horizonte
EPI_ISL_16968251,20/01/2023,18/02/2023,South America / Brazil / Minas Gerais / Belo Horizonte
EPI_ISL_16968252,23/01/2023,18/02/2023,South America / Brazil / Minas Gerais / Belo Horizonte
EPI_ISL_16968253,23/01/2023,18/02/2023,South America / Brazil / Minas Gerais / Belo Horizonte
EPI_ISL_16968254,23/01/2023,18/02/2023,South America / Brazil / Minas Gerais / Belo Horizonte
EPI_ISL_16968255,23/01/2023,18/02/2023,South America / Brazil / Minas Gerais / Belo Horizonte
EPI_ISL_16968256,23/01/2023,18/02/2023,South America / Brazil / Minas Gerais / Belo Horizonte
EPI_ISL_16968257,25/01/2023,18/02/2023,South America / Brazil / Minas Gerais / Belo Horizonte
EPI_ISL_16968258,25/01/2023,18/02/2023,South America / Brazil / Minas Gerais / Belo Horizonte
EPI_ISL_16968259,25/01/2023,18/02/2023,South America / Brazil / Minas Gerais / Belo Horizonte
EPI_ISL_16968260,26/01/2023,18/02/2023,South America / Brazil / Minas Gerais / Belo Horizonte
EPI_ISL_16968261,27/01/2023,18/02/2023,South America / Brazil / Minas Gerais / Belo Horizonte
EPI_ISL_16968262,30/01/2023,18/02/2023,South America / Brazil / Minas Gerais / Belo Horizonte
EPI_ISL_16968263,30/01/2023,18/02/2023,South America / Brazil / Minas Gerais / Belo Horizonte
EPI_ISL_16968264,30/01/2023,18/02/2023,South America / Brazil / Minas Gerais / Belo Horizonte
EPI_ISL_16968265,31/01/2023,18/02/2023,South America / Brazil / Minas Gerais / Belo Horizonte
EPI_ISL_16968266,27/01/2023,18/02/2023,South America / Brazil / Minas Gerais / Belo Horizonte
EPI_ISL_16968267,01/02/2023,18/02/2023,South America / Brazil / Minas Gerais / Belo Horizonte
EPI_ISL_16968268,30/01/2023,18/02/2023,South America / Brazil / Minas Gerais / Belo Horizonte
EPI_ISL_16968269,06/02/2023,18/02/2023,South America / Brazil / Minas Gerais / Belo Horizonte
EPI_ISL_16968270,06/02/2023,18/02/2023,South America / Brazil / Minas Gerais / Belo Horizonte
EPI_ISL_16968285,03/01/2023,18/02/2023,South America / Brazil / Minas Gerais / Belo Horizonte
EPI_ISL_16968286,04/01/2023,18/02/2023,South America / Brazil / Minas Gerais / Belo Horizonte
EPI_ISL_16968287,06/01/2023,18/02/2023,South America / Brazil / Minas Gerais / Belo Horizonte
EPI_ISL_16968288,06/01/2023,18/02/2023,South America / Brazil / Minas Gerais / Belo Horizonte
EPI_ISL_16968289,06/01/2023,18/02/2023,South America / Brazil / Minas Gerais / Belo Horizonte
EPI_ISL_16968290,06/01/2023,18/02/2023,South America / Brazil / Minas Gerais / Belo Horizonte
EPI_ISL_16968291,06/01/2023,18/02/2023,South America / Brazil / Minas Gerais / Belo Horizonte
EPI_ISL_16968292,06/01/2023,18/02/2023,South America / Brazil / Minas Gerais / Belo Horizonte
EPI_ISL_16968293,06/01/2023,18/02/2023,South America / Brazil / Minas Gerais / Belo Horizonte
EPI_ISL_16968294,09/01/2023,18/02/2023,South America / Brazil / Minas Gerais / Belo Horizonte
EPI_ISL_16968295,09/01/2023,18/02/2023,South America / Brazil / Minas Gerais / Belo Horizonte
EPI_ISL_16968296,09/01/2023,18/02/2023,South America / Brazil / Minas Gerais / Belo Horizonte
EPI_ISL_16968297,10/01/2023,18/02/2023,South America / Brazil / Minas Gerais / Belo Horizonte
EPI_ISL_16968298,10/01/2023,18/02/2023,South America / Brazil / Minas Gerais / Belo Horizonte
EPI_ISL_16968299,11/01/2023,18/02/2023,South America / Brazil / Minas Gerais / Belo Horizonte
EPI_ISL_16968300,11/01/2023,18/02/2023,South America / Brazil / Minas Gerais / Belo Horizonte
EPI_ISL_16968301,11/01/2023,18/02/2023,South America / Brazil / Minas Gerais / Belo Horizonte
EPI_ISL_16968302,11/01/2023,18/02/2023,South America / Brazil / Minas Gerais / Belo Horizonte
EPI_ISL_16968303,11/01/2023,18/02/2023,South America / Brazil / Minas Gerais / Belo Horizonte
EPI_ISL_16968304,12/01/2023,18/02/2023,South America / Brazil / Minas Gerais / Belo Horizonte
EPI_ISL_17036602,02/01/2023,27/02/2023,South America / Brazil / Minas Gerais / Sao Lourenco
EPI_ISL_17036603,03/01/2023,27/02/2023,South America / Brazil / Minas Gerais / Nepomuceno
EPI_ISL_17036604,05/01/2023,27/02/2023,South America / Brazil / Minas Gerais / Eloi Mendes
EPI_ISL_17036605,11/01/2023,27/02/2023,South America / Brazil / Minas Gerais / Cruzilia
EPI_ISL_17036606,18/01/2023,27/02/2023,South America / Brazil / Minas Gerais / Nepomuceno
EPI_ISL_17036607,19/01/2023,27/02/2023,South America / Brazil / Minas Gerais / Nepomuceno
EPI_ISL_17036608,17/01/2023,27/02/2023,South America / Brazil / Minas Gerais / Uba
EPI_ISL_17036609,02/01/2023,27/02/2023,South America / Brazil / Minas Gerais / Araguari
EPI_ISL_17036610,11/01/2023,27/02/2023,South America / Brazil / Minas Gerais / Monte Santo de Minas
EPI_ISL_17036611,11/01/2023,27/02/2023,South America / Brazil / Minas Gerais / Monte Santo de Minas
EPI_ISL_17036612,11/01/2023,27/02/2023,South America / Brazil / Minas Gerais / Uberaba
EPI_ISL_17036615,02/01/2023,27/02/2023,South America / Brazil / Minas Gerais / Para de Minas
EPI_ISL_17036616,02/01/2023,27/02/2023,South America / Brazil / Minas Gerais / Paraopeba
EPI_ISL_17036619,02/01/2023,27/02/2023,South America / Brazil / Minas Gerais / Pedro Leopoldo
EPI_ISL_17036620,03/01/2023,27/02/2023,South America / Brazil / Minas Gerais / Pedro Leopoldo
EPI_ISL_17036621,02/01/2023,27/02/2023,South America / Brazil / Minas Gerais / Prata
EPI_ISL_17036622,02/01/2023,27/02/2023,South America / Brazil / Minas Gerais / Governador Valadares
EPI_ISL_17036623,03/01/2023,27/02/2023,South America / Brazil / Minas Gerais / Arcos
EPI_ISL_17036624,05/01/2023,27/02/2023,South America / Brazil / Minas Gerais / Tres Marias
EPI_ISL_17036625,07/01/2023,27/02/2023,South America / Brazil / Minas Gerais / Barbacena
EPI_ISL_17036626,09/01/2023,27/02/2023,South America / Brazil / Minas Gerais / Japaraiba
EPI_ISL_17036627,10/01/2023,27/02/2023,South America / Brazil / Minas Gerais / Tres Marias
EPI_ISL_17036628,10/01/2023,27/02/2023,South America / Brazil / Minas Gerais / Tres Marias
EPI_ISL_17036629,10/01/2023,27/02/2023,South America / Brazil / Minas Gerais / Barbacena
EPI_ISL_17036630,11/01/2023,27/02/2023,South America / Brazil / Minas Gerais / Ribeirao das Neves
EPI_ISL_17036631,11/01/2023,27/02/2023,South America / Brazil / Minas Gerais / Joao Monlevade
EPI_ISL_17036632,12/01/2023,27/02/2023,South America / Brazil / Minas Gerais / Governador Valadares
EPI_ISL_17036633,14/01/2023,27/02/2023,South America / Brazil / Minas Gerais / Belo Horizonte
EPI_ISL_17036634,17/01/2023,27/02/2023,South America / Brazil / Minas Gerais / Barbacena
EPI_ISL_17036635,16/01/2023,27/02/2023,South America / Brazil / Minas Gerais / Extrema
EPI_ISL_17036636,16/01/2023,27/02/2023,South America / Brazil / Minas Gerais / Araguari
EPI_ISL_17036637,17/01/2023,27/02/2023,South America / Brazil / Minas Gerais / Varzea da Palma
EPI_ISL_17036638,18/01/2023,27/02/2023,South America / Brazil / Minas Gerais / Barbacena
EPI_ISL_17036639,16/01/2023,27/02/2023,South America / Brazil / Minas Gerais / Belo Horizonte
EPI_ISL_17036640,16/01/2023,27/02/2023,South America / Brazil / Minas Gerais / Alfenas
EPI_ISL_17036641,19/01/2023,27/02/2023,South America / Brazil / Minas Gerais / Belo Horizonte
EPI_ISL_17036642,18/01/2023,27/02/2023,South America / Brazil / Minas Gerais / Varginha
EPI_ISL_17036643,20/01/2023,27/02/2023,South America / Brazil / Minas Gerais / Betim
EPI_ISL_17036645,16/01/2023,27/02/2023,South America / Brazil / Minas Gerais / Ouro Branco
EPI_ISL_17047820,04/01/2023,27/02/2023,South America / Brazil / Minas Gerais / Nepomuceno
EPI_ISL_17047821,05/01/2023,27/02/2023,South America / Brazil / Minas Gerais / Cruzilia
EPI_ISL_17047822,02/01/2023,27/02/2023,South America / Brazil / Minas Gerais / Igarape
EPI_ISL_17047823,05/01/2023,27/02/2023,South America / Brazil / Minas Gerais / Joao Monlevade
EPI_ISL_17047824,10/01/2023,27/02/2023,South America / Brazil / Minas Gerais / Divinopolis
EPI_ISL_17047825,15/01/2023,27/02/2023,South America / Brazil / Minas Gerais / Janauba
EPI_ISL_17047826,11/01/2023,27/02/2023,South America / Brazil / Minas Gerais / Uba
EPI_ISL_17270982,27/02/2023,22/03/2023,South America / Brazil / Minas Gerais
EPI_ISL_17275666,03/02/2023,23/03/2023,South America / Brazil / Minas Gerais / Belo Horizonte
EPI_ISL_17275667,05/02/2023,23/03/2023,South America / Brazil / Minas Gerais / Belo Horizonte
EPI_ISL_17275668,08/02/2023,23/03/2023,South America / Brazil / Minas Gerais / Belo Horizonte
EPI_ISL_17275669,04/02/2023,23/03/2023,South America / Brazil / Minas Gerais / Belo Horizonte
EPI_ISL_17275670,06/02/2023,23/03/2023,South America / Brazil / Minas Gerais / Belo Horizonte
EPI_ISL_17275671,10/02/2023,23/03/2023,South America / Brazil / Minas Gerais / Santa Luzia
EPI_ISL_17275672,10/02/2023,23/03/2023,South America / Brazil / Minas Gerais / Belo Horizonte
EPI_ISL_17275673,13/02/2023,23/03/2023,South America / Brazil / Minas Gerais / Belo Horizonte
EPI_ISL_17275674,14/02/2023,23/03/2023,South America / Brazil / Minas Gerais / Divinopolis
EPI_ISL_17275675,14/02/2023,23/03/2023,South America / Brazil / Minas Gerais / Belo Horizonte
EPI_ISL_17275676,13/02/2023,23/03/2023,South America / Brazil / Minas Gerais / Belo Horizonte
EPI_ISL_17275677,12/02/2023,23/03/2023,South America / Brazil / Minas Gerais / Belo Horizonte
EPI_ISL_17275678,11/02/2023,23/03/2023,South America / Brazil / Minas Gerais / Belo Horizonte
EPI_ISL_17275679,16/02/2023,23/03/2023,South America / Brazil / Minas Gerais / Belo Horizonte
EPI_ISL_17275680,16/02/2023,23/03/2023,South America / Brazil / Minas Gerais / Belo Horizonte
EPI_ISL_17275681,17/02/2023,23/03/2023,South America / Brazil / Minas Gerais / Belo Horizonte
EPI_ISL_17275682,16/02/2023,23/03/2023,South America / Brazil / Minas Gerais / Belo Horizonte
EPI_ISL_17275683,21/02/2023,23/03/2023,South America / Brazil / Minas Gerais / Belo Horizonte
EPI_ISL_17275684,20/02/2023,23/03/2023,South America / Brazil / Minas Gerais / Belo Horizonte
EPI_ISL_17275685,20/02/2023,23/03/2023,South America / Brazil / Minas Gerais / Belo Horizonte
EPI_ISL_17275686,22/02/2023,23/03/2023,South America / Brazil / Minas Gerais / Belo Horizonte
EPI_ISL_17275687,23/02/2023,23/03/2023,South America / Brazil / Minas Gerais / Belo Horizonte
EPI_ISL_17275688,21/02/2023,23/03/2023,South America / Brazil / Minas Gerais / Belo Horizonte
EPI_ISL_17275689,23/02/2023,23/03/2023,South America / Brazil / Minas Gerais / Belo Horizonte
EPI_ISL_17275690,23/02/2023,23/03/2023,South America / Brazil / Minas Gerais / Belo Horizonte
EPI_ISL_17275691,19/02/2023,23/03/2023,South America / Brazil / Minas Gerais / Belo Horizonte
EPI_ISL_17275692,18/02/2023,23/03/2023,South America / Brazil / Minas Gerais / Belo Horizonte
EPI_ISL_17275693,12/01/2023,23/03/2023,South America / Brazil / Minas Gerais / Belo Horizonte
EPI_ISL_17275694,13/01/2023,23/03/2023,South America / Brazil / Minas Gerais / Belo Horizonte
EPI_ISL_17275731,02/01/2023,23/03/2023,South America / Brazil / Minas Gerais / Belo Horizonte
EPI_ISL_17275732,02/01/2023,23/03/2023,South America / Brazil / Minas Gerais / Belo Horizonte
EPI_ISL_17275733,02/01/2023,23/03/2023,South America / Brazil / Minas Gerais / Belo Horizonte
EPI_ISL_17275734,02/01/2023,23/03/2023,South America / Brazil / Minas Gerais / Contagem
EPI_ISL_17275735,02/01/2023,23/03/2023,South America / Brazil / Minas Gerais / Belo Horizonte
EPI_ISL_17275736,02/01/2023,23/03/2023,South America / Brazil / Minas Gerais / Belo Horizonte
EPI_ISL_17275737,02/01/2023,23/03/2023,South America / Brazil / Minas Gerais / Belo Horizonte
EPI_ISL_17275738,02/01/2023,23/03/2023,South America / Brazil / Minas Gerais / Florianopolis
EPI_ISL_17275739,03/01/2023,23/03/2023,South America / Brazil / Minas Gerais / Contagem
EPI_ISL_17275740,03/01/2023,23/03/2023,South America / Brazil / Minas Gerais / Santa Luzia
EPI_ISL_17275741,03/01/2023,23/03/2023,South America / Brazil / Minas Gerais / Belo Horizonte
EPI_ISL_17275742,03/01/2023,23/03/2023,South America / Brazil / Minas Gerais / Belo Horizonte
EPI_ISL_17275743,03/01/2023,23/03/2023,South America / Brazil / Minas Gerais / Belo Horizonte
EPI_ISL_17275744,03/01/2023,23/03/2023,South America / Brazil / Minas Gerais / Contagem
EPI_ISL_17275745,04/01/2023,23/03/2023,South America / Brazil / Minas Gerais / Nova Lima
EPI_ISL_17275746,04/01/2023,23/03/2023,South America / Brazil / Minas Gerais / Belo Horizonte
EPI_ISL_17275747,05/01/2023,23/03/2023,South America / Brazil / Minas Gerais / Belo Horizonte
EPI_ISL_17275748,06/01/2023,23/03/2023,South America / Brazil / Minas Gerais / Divinopolis
EPI_ISL_17275749,06/01/2023,23/03/2023,South America / Brazil / Minas Gerais / Belo Horizonte
EPI_ISL_17275750,25/02/2023,23/03/2023,South America / Brazil / Minas Gerais / Belo Horizonte
EPI_ISL_17367955,12/03/2023,31/03/2023,South America / Brazil / Minas Gerais / Montes Claros
EPI_ISL_17515158,13/02/2023,20/04/2023,South America / Brazil / Minas Gerais / Sao Lourenco
EPI_ISL_17515159,28/01/2023,20/04/2023,South America / Brazil / Minas Gerais / Manhuacu
EPI_ISL_17515160,31/01/2023,20/04/2023,South America / Brazil / Minas Gerais / Lagoa da Prata
EPI_ISL_17515161,04/02/2023,20/04/2023,South America / Brazil / Minas Gerais / Joao Monlevade
EPI_ISL_17515162,08/02/2023,20/04/2023,South America / Brazil / Minas Gerais / Sao Joao Del Rei
EPI_ISL_17515163,14/02/2023,20/04/2023,South America / Brazil / Minas Gerais / Barroso
EPI_ISL_17515164,13/02/2023,20/04/2023,South America / Brazil / Minas Gerais / Governador Valadares
EPI_ISL_17515165,14/02/2023,20/04/2023,South America / Brazil / Minas Gerais / Divinopolis
EPI_ISL_17515166,14/02/2023,20/04/2023,South America / Brazil / Minas Gerais / Alterosa
EPI_ISL_17515167,20/02/2023,20/04/2023,South America / Brazil / Minas Gerais / Joao Monlevade
EPI_ISL_17515168,21/02/2023,20/04/2023,South America / Brazil / Minas Gerais / Belo Horizonte
EPI_ISL_17515169,22/02/2023,20/04/2023,South America / Brazil / Minas Gerais / Barroso
EPI_ISL_17515170,23/02/2023,20/04/2023,South America / Brazil / Minas Gerais / Belo Horizonte
EPI_ISL_17515171,24/02/2023,20/04/2023,South America / Brazil / Minas Gerais / Papagaios
EPI_ISL_17515172,24/02/2023,20/04/2023,South America / Brazil / Minas Gerais / Belo Horizonte
EPI_ISL_17515173,25/02/2023,20/04/2023,South America / Brazil / Minas Gerais / Belo Horizonte
EPI_ISL_17515174,27/02/2023,20/04/2023,South America / Brazil / Minas Gerais / Pouso Alegre
EPI_ISL_17515175,27/02/2023,20/04/2023,South America / Brazil / Minas Gerais / Pouso Alegre
EPI_ISL_17515176,25/02/2023,20/04/2023,South America / Brazil / Minas Gerais / Uba
EPI_ISL_17515177,27/02/2023,20/04/2023,South America / Brazil / Minas Gerais / Paracatu
EPI_ISL_17515178,01/03/2023,20/04/2023,South America / Brazil / Minas Gerais / Barroso
EPI_ISL_17515179,01/03/2023,20/04/2023,South America / Brazil / Minas Gerais / Manhuacu
EPI_ISL_17515180,02/03/2023,20/04/2023,South America / Brazil / Minas Gerais / Esmeraldas
EPI_ISL_17515181,02/03/2023,20/04/2023,South America / Brazil / Minas Gerais / Sete Lagoas
EPI_ISL_17515182,03/03/2023,20/04/2023,South America / Brazil / Minas Gerais / Sete Lagoas
EPI_ISL_17515183,21/02/2023,20/04/2023,South America / Brazil / Minas Gerais / Alfenas
EPI_ISL_17515184,23/02/2023,20/04/2023,South America / Brazil / Minas Gerais / Caratinga
EPI_ISL_17515185,27/02/2023,20/04/2023,South America / Brazil / Minas Gerais / Belo Horizonte
EPI_ISL_17515186,01/03/2023,20/04/2023,South America / Brazil / Minas Gerais / Congonhas
EPI_ISL_17515187,28/02/2023,20/04/2023,South America / Brazil / Minas Gerais / Ouro Branco
EPI_ISL_17515188,01/03/2023,20/04/2023,South America / Brazil / Minas Gerais / Belo Horizonte
EPI_ISL_17515189,01/03/2023,20/04/2023,South America / Brazil / Minas Gerais / Belo Horizonte
EPI_ISL_17515190,13/03/2023,20/04/2023,South America / Brazil / Minas Gerais / Ribeirao das Neves
EPI_ISL_17515191,01/03/2023,20/04/2023,South America / Brazil / Minas Gerais / Varginha
EPI_ISL_17515192,02/03/2023,20/04/2023,South America / Brazil / Minas Gerais / Varginha
EPI_ISL_17515193,15/03/2023,20/04/2023,South America / Brazil / Minas Gerais / Arceburgo
EPI_ISL_17515194,02/03/2023,20/04/2023,South America / Brazil / Minas Gerais / Muriae
EPI_ISL_17515195,14/03/2023,20/04/2023,South America / Brazil / Minas Gerais / Belo Horizonte
EPI_ISL_17515196,06/03/2023,20/04/2023,South America / Brazil / Minas Gerais / Paracatu
EPI_ISL_17515197,16/03/2023,20/04/2023,South America / Brazil / Minas Gerais / Extrema
EPI_ISL_17515198,16/03/2023,20/04/2023,South America / Brazil / Minas Gerais / Extrema
EPI_ISL_17515199,17/03/2023,20/04/2023,South America / Brazil / Minas Gerais / Ouro Preto
EPI_ISL_17515200,15/03/2023,20/04/2023,South America / Brazil / Minas Gerais / Manhuacu
EPI_ISL_17515201,16/03/2023,20/04/2023,South America / Brazil / Minas Gerais / Ribeirao das Neves
EPI_ISL_17515202,13/03/2023,20/04/2023,South America / Brazil / Minas Gerais / Caratinga
EPI_ISL_17515203,07/03/2023,20/04/2023,South America / Brazil / Minas Gerais / Coronel Fabriciano
EPI_ISL_17515204,20/03/2023,20/04/2023,South America / Brazil / Minas Gerais / Divinopolis
EPI_ISL_17515205,20/03/2023,20/04/2023,South America / Brazil / Minas Gerais / Sao Joao Del Rei
EPI_ISL_17515206,14/03/2023,20/04/2023,South America / Brazil / Minas Gerais / Uberaba
EPI_ISL_17515207,16/03/2023,20/04/2023,South America / Brazil / Minas Gerais / Varginha
EPI_ISL_17515208,19/03/2023,20/04/2023,South America / Brazil / Minas Gerais / Paracatu
EPI_ISL_17515209,20/03/2023,20/04/2023,South America / Brazil / Minas Gerais / Pouso Alegre
EPI_ISL_17515210,20/03/2023,20/04/2023,South America / Brazil / Minas Gerais / Pouso Alegre
EPI_ISL_17517861,29/03/2023,20/04/2023,South America / Brazil / Minas Gerais / Pirapora
EPI_ISL_17550279,03/03/2023,26/04/2023,South America / Brazil / Minas Gerais / Contagem
EPI_ISL_17550280,03/03/2023,26/04/2023,South America / Brazil / Minas Gerais / Belo Horizonte
EPI_ISL_17550281,03/03/2023,26/04/2023,South America / Brazil / Minas Gerais / Belo Horizonte
EPI_ISL_17550282,06/03/2023,26/04/2023,South America / Brazil / Minas Gerais / Belo Horizonte
EPI_ISL_17550283,27/02/2023,26/04/2023,South America / Brazil / Minas Gerais / Belo Horizonte
EPI_ISL_17550284,28/02/2023,26/04/2023,South America / Brazil / Minas Gerais / Boa Esperanca
EPI_ISL_17550285,28/02/2023,26/04/2023,South America / Brazil / Minas Gerais / Belo Horizonte
EPI_ISL_17550286,28/02/2023,26/04/2023,South America / Brazil / Minas Gerais / Belo Horizonte
EPI_ISL_17550287,01/03/2023,26/04/2023,South America / Brazil / Minas Gerais / Belo Horizonte
EPI_ISL_17550288,06/03/2023,26/04/2023,South America / Brazil / Minas Gerais / Belo Horizonte
EPI_ISL_17550289,07/03/2023,26/04/2023,South America / Brazil / Minas Gerais / Belo Horizonte
EPI_ISL_17550290,08/03/2023,26/04/2023,South America / Brazil / Minas Gerais / Ibirite
EPI_ISL_17550291,08/03/2023,26/04/2023,South America / Brazil / Minas Gerais / Belo Horizonte
EPI_ISL_17550292,16/03/2023,26/04/2023,South America / Brazil / Minas Gerais / Belo Horizonte
EPI_ISL_17550293,16/03/2023,26/04/2023,South America / Brazil / Minas Gerais / Belo Horizonte
EPI_ISL_17550294,20/03/2023,26/04/2023,South America / Brazil / Minas Gerais / Belo Horizonte
EPI_ISL_17550295,02/03/2023,26/04/2023,South America / Brazil / Minas Gerais / Belo Horizonte
EPI_ISL_17550296,02/03/2023,26/04/2023,South America / Brazil / Minas Gerais / Belo Horizonte
EPI_ISL_17550297,10/03/2023,26/04/2023,South America / Brazil / Minas Gerais / Belo Horizonte
EPI_ISL_17550298,09/03/2023,26/04/2023,South America / Brazil / Minas Gerais / Belo Horizonte
EPI_ISL_17550299,10/03/2023,26/04/2023,South America / Brazil / Minas Gerais / Sabara
EPI_ISL_17550300,13/03/2023,26/04/2023,South America / Brazil / Minas Gerais / Belo Horizonte
EPI_ISL_17550301,13/03/2023,26/04/2023,South America / Brazil / Minas Gerais / Belo Horizonte
EPI_ISL_17550302,14/03/2023,26/04/2023,South America / Brazil / Minas Gerais / Belo Horizonte
EPI_ISL_17550303,15/03/2023,26/04/2023,South America / Brazil / Minas Gerais / Belo Horizonte
EPI_ISL_17550304,22/03/2023,26/04/2023,South America / Brazil / Minas Gerais / Belo Horizonte
EPI_ISL_17550305,22/03/2023,26/04/2023,South America / Brazil / Minas Gerais / Belo Horizonte
EPI_ISL_17550306,23/03/2023,26/04/2023,South America / Brazil / Minas Gerais / Belo Horizonte
EPI_ISL_17550307,28/03/2023,26/04/2023,South America / Brazil / Minas Gerais / Belo Horizonte
EPI_ISL_17550308,28/03/2023,26/04/2023,South America / Brazil / Minas Gerais / Ribeirao das Neves
EPI_ISL_17550309,29/03/2023,26/04/2023,South America / Brazil / Minas Gerais / Belo Horizonte
EPI_ISL_17550310,30/03/2023,26/04/2023,South America / Brazil / Minas Gerais / Belo Horizonte
EPI_ISL_17550311,30/03/2023,26/04/2023,South America / Brazil / Minas Gerais / Belo Horizonte
EPI_ISL_17550312,31/03/2023,26/04/2023,South America / Brazil / Minas Gerais / Belo Horizonte
EPI_ISL_17550313,31/03/2023,26/04/2023,South America / Brazil / Minas Gerais / Belo Horizonte
EPI_ISL_17550314,31/03/2023,26/04/2023,South America / Brazil / Minas Gerais / Belo Horizonte
EPI_ISL_17550316,04/01/2023,26/04/2023,South America / Brazil / Minas Gerais / Belo Horizonte
EPI_ISL_17675570,02/01/2023,17/05/2023,South America / Brazil / Minas Gerais / Nepomuceno
EPI_ISL_17675572,05/01/2023,17/05/2023,South America / Brazil / Minas Gerais / Cruzilia
EPI_ISL_17675576,09/01/2023,17/05/2023,South America / Brazil / Minas Gerais / Nepomuceno
EPI_ISL_17675577,08/01/2023,17/05/2023,South America / Brazil / Minas Gerais / Varginha
EPI_ISL_17675579,12/01/2023,17/05/2023,South America / Brazil / Minas Gerais / Turmalina
EPI_ISL_17675580,12/01/2023,17/05/2023,South America / Brazil / Minas Gerais / Turmalina
EPI_ISL_17675583,12/01/2023,17/05/2023,South America / Brazil / Minas Gerais / Sao Lourenco
EPI_ISL_17675584,12/01/2023,17/05/2023,South America / Brazil / Minas Gerais / Virginia
EPI_ISL_17675586,18/01/2023,17/05/2023,South America / Brazil / Minas Gerais / Carbonita
EPI_ISL_17675587,19/01/2023,17/05/2023,South America / Brazil / Minas Gerais / Turmalina
EPI_ISL_17675588,02/01/2023,17/05/2023,South America / Brazil / Minas Gerais / Lavras
EPI_ISL_17686809,27/03/2023,19/05/2023,South America / Brazil / Minas Gerais / Conselheiro Lafaiete
EPI_ISL_17686810,27/03/2023,19/05/2023,South America / Brazil / Minas Gerais / Manhuacu
EPI_ISL_17686811,28/03/2023,19/05/2023,South America / Brazil / Minas Gerais / Manhuacu
EPI_ISL_17686812,21/03/2023,19/05/2023,South America / Brazil / Minas Gerais / Congonhas
EPI_ISL_17686813,29/03/2023,19/05/2023,South America / Brazil / Minas Gerais / Uba
EPI_ISL_17686814,21/03/2023,19/05/2023,South America / Brazil / Minas Gerais / Uberaba
EPI_ISL_17686815,21/03/2023,19/05/2023,South America / Brazil / Minas Gerais / Coronel Fabriciano
EPI_ISL_17686816,21/03/2023,19/05/2023,South America / Brazil / Minas Gerais / Belo Horizonte
EPI_ISL_17686817,03/04/2023,19/05/2023,South America / Brazil / Minas Gerais / Belo Horizonte
EPI_ISL_17686818,23/03/2023,19/05/2023,South America / Brazil / Minas Gerais / Muriae
EPI_ISL_17686819,03/04/2023,19/05/2023,South America / Brazil / Minas Gerais / Joao Monlevade
EPI_ISL_17686820,26/03/2023,19/05/2023,South America / Brazil / Minas Gerais / Paracatu
EPI_ISL_17686821,26/03/2023,19/05/2023,South America / Brazil / Minas Gerais / Paracatu
EPI_ISL_17686822,08/04/2023,19/05/2023,South America / Brazil / Minas Gerais / Belo Horizonte
EPI_ISL_17686823,08/04/2023,19/05/2023,South America / Brazil / Minas Gerais / Uba
EPI_ISL_17686824,02/04/2023,19/05/2023,South America / Brazil / Minas Gerais / Alfenas
EPI_ISL_17686825,03/04/2023,19/05/2023,South America / Brazil / Minas Gerais / Coronel Fabriciano
EPI_ISL_17686826,04/04/2023,19/05/2023,South America / Brazil / Minas Gerais / Congonhas
EPI_ISL_17686827,09/04/2023,19/05/2023,South America / Brazil / Minas Gerais / Paracatu
EPI_ISL_17686828,09/04/2023,19/05/2023,South America / Brazil / Minas Gerais / Paracatu
EPI_ISL_17686829,17/04/2023,19/05/2023,South America / Brazil / Minas Gerais / Barroso
EPI_ISL_17686830,05/04/2023,19/05/2023,South America / Brazil / Minas Gerais / Uberaba
EPI_ISL_17686831,17/04/2023,19/05/2023,South America / Brazil / Minas Gerais / Betim
EPI_ISL_17686832,09/04/2023,19/05/2023,South America / Brazil / Minas Gerais / Alfenas
EPI_ISL_17686833,18/04/2023,19/05/2023,South America / Brazil / Minas Gerais / Ouro Branco
EPI_ISL_17686834,12/04/2023,19/05/2023,South America / Brazil / Minas Gerais / Varginha
EPI_ISL_17686835,12/04/2023,19/05/2023,South America / Brazil / Minas Gerais / Varginha
EPI_ISL_17686836,12/04/2023,19/05/2023,South America / Brazil / Minas Gerais / Contagem
EPI_ISL_17686837,22/04/2023,19/05/2023,South America / Brazil / Minas Gerais / Belo Horizonte
EPI_ISL_17686838,13/04/2023,19/05/2023,South America / Brazil / Minas Gerais / Belo Horizonte
EPI_ISL_17686839,24/04/2023,19/05/2023,South America / Brazil / Minas Gerais / Ribeirao das Neves
EPI_ISL_17686840,17/04/2023,19/05/2023,South America / Brazil / Minas Gerais / Belo Horizonte
EPI_ISL_17686841,26/04/2023,19/05/2023,South America / Brazil / Minas Gerais / Belo Horizonte
EPI_ISL_17686842,26/04/2023,19/05/2023,South America / Brazil / Minas Gerais / Belo Horizonte
EPI_ISL_17686843,24/04/2023,19/05/2023,South America / Brazil / Minas Gerais / Caratinga
EPI_ISL_17686844,17/04/2023,19/05/2023,South America / Brazil / Minas Gerais / Alfenas
EPI_ISL_17686845,18/04/2023,19/05/2023,South America / Brazil / Minas Gerais / Coronel Fabriciano
EPI_ISL_17686846,23/04/2023,19/05/2023,South America / Brazil / Minas Gerais / Paracatu
EPI_ISL_17686847,24/04/2023,19/05/2023,South America / Brazil / Minas Gerais / Belo Horizonte
EPI_ISL_17686848,24/04/2023,19/05/2023,South America / Brazil / Minas Gerais / Belo Horizonte
EPI_ISL_17686849,26/04/2023,19/05/2023,South America / Brazil / Minas Gerais / Varginha
EPI_ISL_17686850,25/04/2023,19/05/2023,South America / Brazil / Minas Gerais / Coronel Fabriciano
EPI_ISL_17686851,24/04/2023,19/05/2023,South America / Brazil / Minas Gerais / Coronel Fabriciano
EPI_ISL_17700582,10/01/2023,17/05/2023,South America / Brazil / Minas Gerais / Conceicao do Rio Verde
EPI_ISL_17700583,13/01/2023,17/05/2023,South America / Brazil / Minas Gerais / Nepomuceno
EPI_ISL_17700584,19/01/2023,17/05/2023,South America / Brazil / Minas Gerais / Turmalina
EPI_ISL_17717281,20/04/2023,26/05/2023,South America / Brazil / Minas Gerais / Belo Horizonte
EPI_ISL_17717282,04/04/2023,26/05/2023,South America / Brazil / Minas Gerais / Belo Horizonte
EPI_ISL_17717283,12/04/2023,26/05/2023,South America / Brazil / Minas Gerais / Belo Horizonte
EPI_ISL_17717284,13/04/2023,26/05/2023,South America / Brazil / Minas Gerais / Belo Horizonte
EPI_ISL_17717285,06/04/2023,26/05/2023,South America / Brazil / Minas Gerais / Belo Horizonte
EPI_ISL_17717286,06/04/2023,26/05/2023,South America / Brazil / Minas Gerais / Belo Horizonte
EPI_ISL_17717287,31/03/2023,26/05/2023,South America / Brazil / Minas Gerais / Belo Horizonte
EPI_ISL_17717288,23/03/2023,26/05/2023,South America / Brazil / Minas Gerais / Belo Horizonte
EPI_ISL_17717289,20/04/2023,26/05/2023,South America / Brazil / Minas Gerais / Belo Horizonte
EPI_ISL_17717290,27/03/2023,26/05/2023,South America / Brazil / Minas Gerais / Belo Horizonte
EPI_ISL_17717291,26/04/2023,26/05/2023,South America / Brazil / Minas Gerais / Belo Horizonte
EPI_ISL_17717292,20/04/2023,26/05/2023,South America / Brazil / Minas Gerais / Belo Horizonte
EPI_ISL_17717293,26/04/2023,26/05/2023,South America / Brazil / Minas Gerais / Belo Horizonte
EPI_ISL_17717294,24/04/2023,26/05/2023,South America / Brazil / Minas Gerais / Belo Horizonte
EPI_ISL_17717295,11/04/2023,26/05/2023,South America / Brazil / Minas Gerais / Belo Horizonte
EPI_ISL_17717296,20/04/2023,26/05/2023,South America / Brazil / Minas Gerais / Belo Horizonte
EPI_ISL_17717297,19/04/2023,26/05/2023,South America / Brazil / Minas Gerais / Belo Horizonte
EPI_ISL_17717298,24/04/2023,26/05/2023,South America / Brazil / Minas Gerais / Belo Horizonte
EPI_ISL_17717299,24/04/2023,26/05/2023,South America / Brazil / Minas Gerais / Belo Horizonte
EPI_ISL_17717300,25/04/2023,26/05/2023,South America / Brazil / Minas Gerais / Belo Horizonte
EPI_ISL_17717301,19/04/2023,26/05/2023,South America / Brazil / Minas Gerais / Belo Horizonte
EPI_ISL_17717302,18/04/2023,26/05/2023,South America / Brazil / Minas Gerais / Belo Horizonte
EPI_ISL_17717303,10/04/2023,26/05/2023,South America / Brazil / Minas Gerais / Belo Horizonte
EPI_ISL_17717304,19/04/2023,26/05/2023,South America / Brazil / Minas Gerais / Belo Horizonte
EPI_ISL_17717305,26/04/2023,26/05/2023,South America / Brazil / Minas Gerais / Belo Horizonte
EPI_ISL_17717306,14/04/2023,26/05/2023,South America / Brazil / Minas Gerais / Belo Horizonte
EPI_ISL_17838722,27/04/2023,26/06/2023,South America / Brazil / Minas Gerais / Belo Horizonte
EPI_ISL_17838723,27/04/2023,26/06/2023,South America / Brazil / Minas Gerais / Belo Horizonte
EPI_ISL_17838724,27/04/2023,26/06/2023,South America / Brazil / Minas Gerais / Belo Horizonte
EPI_ISL_17838725,27/04/2023,26/06/2023,South America / Brazil / Minas Gerais / Belo Horizonte
EPI_ISL_17838726,02/05/2023,26/06/2023,South America / Brazil / Minas Gerais / Belo Horizonte
EPI_ISL_17838727,03/05/2023,26/06/2023,South America / Brazil / Minas Gerais / Belo Horizonte
EPI_ISL_17838728,03/05/2023,26/06/2023,South America / Brazil / Minas Gerais / Belo Horizonte
EPI_ISL_17838729,04/05/2023,26/06/2023,South America / Brazil / Minas Gerais / Belo Horizonte
EPI_ISL_17838730,04/05/2023,26/06/2023,South America / Brazil / Minas Gerais / Belo Horizonte
EPI_ISL_17838731,04/05/2023,26/06/2023,South America / Brazil / Minas Gerais / Belo Horizonte
EPI_ISL_17838732,04/05/2023,26/06/2023,South America / Brazil / Minas Gerais / Belo Horizonte
EPI_ISL_17838733,04/05/2023,26/06/2023,South America / Brazil / Minas Gerais / Belo Horizonte
EPI_ISL_17838734,05/05/2023,26/06/2023,South America / Brazil / Minas Gerais / Belo Horizonte
EPI_ISL_17838735,05/05/2023,26/06/2023,South America / Brazil / Minas Gerais / Belo Horizonte
EPI_ISL_17838736,08/05/2023,26/06/2023,South America / Brazil / Minas Gerais / Belo Horizonte
EPI_ISL_17838737,11/05/2023,26/06/2023,South America / Brazil / Minas Gerais / Belo Horizonte
EPI_ISL_17838738,11/05/2023,26/06/2023,South America / Brazil / Minas Gerais / Belo Horizonte
EPI_ISL_17838739,12/05/2023,26/06/2023,South America / Brazil / Minas Gerais / Belo Horizonte
EPI_ISL_17838740,12/05/2023,26/06/2023,South America / Brazil / Minas Gerais / Belo Horizonte
EPI_ISL_17838741,17/05/2023,26/06/2023,South America / Brazil / Minas Gerais / Belo Horizonte
EPI_ISL_17838742,17/05/2023,26/06/2023,South America / Brazil / Minas Gerais / Belo Horizonte
EPI_ISL_17838743,17/05/2023,26/06/2023,South America / Brazil / Minas Gerais / Belo Horizonte
EPI_ISL_17838744,17/05/2023,26/06/2023,South America / Brazil / Minas Gerais / Belo Horizonte
EPI_ISL_17838745,17/05/2023,26/06/2023,South America / Brazil / Minas Gerais / Belo Horizonte
EPI_ISL_17838746,18/05/2023,26/06/2023,South America / Brazil / Minas Gerais / Belo Horizonte
EPI_ISL_17838747,19/05/2023,26/06/2023,South America / Brazil / Minas Gerais / Belo Horizonte
EPI_ISL_17838748,22/05/2023,26/06/2023,South America / Brazil / Minas Gerais / Belo Horizonte
EPI_ISL_17838749,22/05/2023,26/06/2023,South America / Brazil / Minas Gerais / Belo Horizonte
EPI_ISL_17838750,22/05/2023,26/06/2023,South America / Brazil / Minas Gerais / Belo Horizonte
EPI_ISL_17838751,23/05/2023,26/06/2023,South America / Brazil / Minas Gerais / Belo Horizonte
EPI_ISL_17838752,23/05/2023,26/06/2023,South America / Brazil / Minas Gerais / Belo Horizonte
EPI_ISL_17838753,24/05/2023,26/06/2023,South America / Brazil / Minas Gerais / Belo Horizonte
EPI_ISL_17838754,24/05/2023,26/06/2023,South America / Brazil / Minas Gerais / Belo Horizonte
EPI_ISL_17838755,25/05/2023,26/06/2023,South America / Brazil / Minas Gerais / Belo Horizonte
EPI_ISL_17838756,22/05/2023,26/06/2023,South America / Brazil / Minas Gerais / Belo Horizonte
EPI_ISL_17838757,25/05/2023,26/06/2023,South America / Brazil / Minas Gerais / Belo Horizonte
EPI_ISL_17838758,25/05/2023,26/06/2023,South America / Brazil / Minas Gerais / Belo Horizonte
EPI_ISL_17838759,29/05/2023,26/06/2023,South America / Brazil / Minas Gerais / Belo Horizonte
EPI_ISL_17838760,29/05/2023,26/06/2023,South America / Brazil / Minas Gerais / Belo Horizonte
EPI_ISL_17838761,29/05/2023,26/06/2023,South America / Brazil / Minas Gerais / Belo Horizonte
EPI_ISL_17838762,30/05/2023,26/06/2023,South America / Brazil / Minas Gerais / Belo Horizonte
EPI_ISL_17838763,31/05/2023,26/06/2023,South America / Brazil / Minas Gerais / Belo Horizonte
EPI_ISL_17972070,24/04/2023,07/07/2023,South America / Brazil / Minas Gerais / Pouso Alegre
EPI_ISL_17972071,26/04/2023,07/07/2023,South America / Brazil / Minas Gerais / Extrema
EPI_ISL_17972072,26/04/2023,07/07/2023,South America / Brazil / Minas Gerais / Extrema
EPI_ISL_17972073,26/04/2023,07/07/2023,South America / Brazil / Minas Gerais / Extrema
EPI_ISL_17972074,26/04/2023,07/07/2023,South America / Brazil / Minas Gerais / Extrema
EPI_ISL_17972075,01/05/2023,07/07/2023,South America / Brazil / Minas Gerais / Belo Horizonte
EPI_ISL_17972076,01/05/2023,07/07/2023,South America / Brazil / Minas Gerais / Belo Horizonte
EPI_ISL_17972077,02/05/2023,07/07/2023,South America / Brazil / Minas Gerais / Manhuacu
EPI_ISL_17972078,29/04/2023,07/07/2023,South America / Brazil / Minas Gerais / Manhuacu
EPI_ISL_17972079,02/05/2023,07/07/2023,South America / Brazil / Minas Gerais / Belo Horizonte
EPI_ISL_17972080,02/05/2023,07/07/2023,South America / Brazil / Minas Gerais / Caratinga
EPI_ISL_17972081,03/05/2023,07/07/2023,South America / Brazil / Minas Gerais / Governador Valadares
EPI_ISL_17972082,08/05/2023,07/07/2023,South America / Brazil / Minas Gerais / Betim
EPI_ISL_17972083,10/05/2023,07/07/2023,South America / Brazil / Minas Gerais / Ribeirao das Neves
EPI_ISL_17972084,09/05/2023,07/07/2023,South America / Brazil / Minas Gerais / Maria da Fe
EPI_ISL_17972085,11/05/2023,07/07/2023,South America / Brazil / Minas Gerais / Manhuacu
EPI_ISL_17972086,10/05/2023,07/07/2023,South America / Brazil / Minas Gerais / Ouro Preto
EPI_ISL_17972087,03/05/2023,07/07/2023,South America / Brazil / Minas Gerais / Coronel Fabriciano
EPI_ISL_17972088,04/05/2023,07/07/2023,South America / Brazil / Minas Gerais / Belo Horizonte
EPI_ISL_17972089,04/05/2023,07/07/2023,South America / Brazil / Minas Gerais / Governador Valadares
EPI_ISL_17972090,06/05/2023,07/07/2023,South America / Brazil / Minas Gerais / Belo Horizonte
EPI_ISL_17972091,02/05/2023,07/07/2023,South America / Brazil / Minas Gerais / Montes Claros
EPI_ISL_17972092,04/05/2023,07/07/2023,South America / Brazil / Minas Gerais / Montes Claros
EPI_ISL_17972093,04/05/2023,07/07/2023,South America / Brazil / Minas Gerais / Uberaba
EPI_ISL_17972094,03/05/2023,07/07/2023,South America / Brazil / Minas Gerais / Bertopolis
EPI_ISL_17972095,01/05/2023,07/07/2023,South America / Brazil / Minas Gerais / Teofilo Otoni
EPI_ISL_17972096,09/05/2023,07/07/2023,South America / Brazil / Minas Gerais / Belo Horizonte
EPI_ISL_17972097,10/05/2023,07/07/2023,South America / Brazil / Minas Gerais / Ouro Branco
EPI_ISL_17972098,10/05/2023,07/07/2023,South America / Brazil / Minas Gerais / Varginha
EPI_ISL_17972099,10/05/2023,07/07/2023,South America / Brazil / Minas Gerais / Varginha
EPI_ISL_17972100,11/05/2023,07/07/2023,South America / Brazil / Minas Gerais / Alfenas
EPI_ISL_17972101,11/05/2023,07/07/2023,South America / Brazil / Minas Gerais / Belo Horizonte
EPI_ISL_17972102,11/05/2023,07/07/2023,South America / Brazil / Minas Gerais / Belo Horizonte
EPI_ISL_17972103,11/05/2023,07/07/2023,South America / Brazil / Minas Gerais / Belo Horizonte
EPI_ISL_17972104,09/05/2023,07/07/2023,South America / Brazil / Minas Gerais / Manhuacu
EPI_ISL_17972105,11/05/2023,07/07/2023,South America / Brazil / Minas Gerais / Belo Horizonte
EPI_ISL_17972106,11/05/2023,07/07/2023,South America / Brazil / Minas Gerais / Belo Horizonte
EPI_ISL_17972107,13/05/2023,07/07/2023,South America / Brazil / Minas Gerais / Belo Horizonte
EPI_ISL_17972108,09/05/2023,07/07/2023,South America / Brazil / Minas Gerais / Jaiba
EPI_ISL_17972109,15/05/2023,07/07/2023,South America / Brazil / Minas Gerais / Uba
EPI_ISL_17972110,14/05/2023,07/07/2023,South America / Brazil / Minas Gerais / Paracatu
EPI_ISL_17972111,15/05/2023,07/07/2023,South America / Brazil / Minas Gerais / Belo Horizonte
EPI_ISL_17972112,15/05/2023,07/07/2023,South America / Brazil / Minas Gerais / Teofilo Otoni
EPI_ISL_17972113,15/05/2023,07/07/2023,South America / Brazil / Minas Gerais / Montes Claros
EPI_ISL_17972114,16/05/2023,07/07/2023,South America / Brazil / Minas Gerais / Belo Horizonte
EPI_ISL_17972115,17/05/2023,07/07/2023,South America / Brazil / Minas Gerais / Belo Horizonte
EPI_ISL_17972116,18/05/2023,07/07/2023,South America / Brazil / Minas Gerais / Belo Horizonte
EPI_ISL_17972117,17/05/2023,07/07/2023,South America / Brazil / Minas Gerais / Belo Horizonte
EPI_ISL_17972118,17/05/2023,07/07/2023,South America / Brazil / Minas Gerais / Caratinga
EPI_ISL_17972119,15/05/2023,07/07/2023,South America / Brazil / Minas Gerais / Coronel Fabriciano
EPI_ISL_17972120,16/05/2023,07/07/2023,South America / Brazil / Minas Gerais / Coronel Fabriciano
EPI_ISL_17972121,18/05/2023,07/07/2023,South America / Brazil / Minas Gerais / Alfenas
EPI_ISL_17972122,16/05/2023,07/07/2023,South America / Brazil / Minas Gerais / Ouro Branco
EPI_ISL_17972123,18/05/2023,07/07/2023,South America / Brazil / Minas Gerais / Belo Horizonte
EPI_ISL_17972124,18/05/2023,07/07/2023,South America / Brazil / Minas Gerais / Muriae
EPI_ISL_17972125,19/05/2023,07/07/2023,South America / Brazil / Minas Gerais / Belo Horizonte
EPI_ISL_17972126,17/05/2023,07/07/2023,South America / Brazil / Minas Gerais / Montes Claros
EPI_ISL_17972127,21/05/2023,07/07/2023,South America / Brazil / Minas Gerais / Paracatu
EPI_ISL_17972128,20/05/2023,07/07/2023,South America / Brazil / Minas Gerais / Ituiutaba
EPI_ISL_17972129,22/05/2023,07/07/2023,South America / Brazil / Minas Gerais / Belo Horizonte
EPI_ISL_17972130,21/05/2023,07/07/2023,South America / Brazil / Minas Gerais / Ouro Branco
EPI_ISL_17972131,22/05/2023,07/07/2023,South America / Brazil / Minas Gerais / Ouro Branco
EPI_ISL_18078494,03/05/2023,07/08/2023,South America / Brazil / Minas Gerais / Sao Lourenco
EPI_ISL_18078495,15/03/2023,07/08/2023,South America / Brazil / Minas Gerais / Sao Lourenco
EPI_ISL_18078498,19/01/2023,07/08/2023,South America / Brazil / Minas Gerais / Belo Horizonte
EPI_ISL_18078499,18/01/2023,07/08/2023,South America / Brazil / Minas Gerais / Belo Horizonte
EPI_ISL_18078500,18/01/2023,07/08/2023,South America / Brazil / Minas Gerais / Belo Horizonte
EPI_ISL_18078501,17/01/2023,07/08/2023,South America / Brazil / Minas Gerais / Belo Horizonte
EPI_ISL_18078502,17/01/2023,07/08/2023,South America / Brazil / Minas Gerais / Belo Horizonte
EPI_ISL_18078503,14/01/2023,07/08/2023,South America / Brazil / Minas Gerais / Belo Horizonte
EPI_ISL_18078504,17/01/2023,07/08/2023,South America / Brazil / Minas Gerais / Belo Horizonte
EPI_ISL_18078505,13/01/2023,07/08/2023,South America / Brazil / Minas Gerais / Belo Horizonte
EPI_ISL_18078506,12/01/2023,07/08/2023,South America / Brazil / Minas Gerais / Belo Horizonte
EPI_ISL_18078507,12/01/2023,07/08/2023,South America / Brazil / Minas Gerais / Belo Horizonte
EPI_ISL_18078508,11/01/2023,07/08/2023,South America / Brazil / Minas Gerais / Belo Horizonte
EPI_ISL_18078509,11/01/2023,07/08/2023,South America / Brazil / Minas Gerais / Belo Horizonte
EPI_ISL_18078510,11/01/2023,07/08/2023,South America / Brazil / Minas Gerais / Belo Horizonte
EPI_ISL_18078511,11/01/2023,07/08/2023,South America / Brazil / Minas Gerais / Belo Horizonte
EPI_ISL_18078512,09/01/2023,07/08/2023,South America / Brazil / Minas Gerais / Belo Horizonte
EPI_ISL_18078513,07/01/2023,07/08/2023,South America / Brazil / Minas Gerais / Belo Horizonte
EPI_ISL_18078514,05/01/2023,07/08/2023,South America / Brazil / Minas Gerais / Belo Horizonte
EPI_ISL_18078515,05/01/2023,07/08/2023,South America / Brazil / Minas Gerais / Belo Horizonte
EPI_ISL_18078516,05/01/2023,07/08/2023,South America / Brazil / Minas Gerais / Belo Horizonte
EPI_ISL_18078519,05/01/2023,07/08/2023,South America / Brazil / Minas Gerais / Belo Horizonte
EPI_ISL_18078520,04/01/2023,07/08/2023,South America / Brazil / Minas Gerais / Belo Horizonte
EPI_ISL_18078551,07/01/2023,07/08/2023,South America / Brazil / Minas Gerais / Belo Horizonte
EPI_ISL_18078552,07/01/2023,07/08/2023,South America / Brazil / Minas Gerais / Belo Horizonte
EPI_ISL_18078553,09/01/2023,07/08/2023,South America / Brazil / Minas Gerais / Belo Horizonte
EPI_ISL_18078554,09/01/2023,07/08/2023,South America / Brazil / Minas Gerais / Belo Horizonte
EPI_ISL_18078555,10/01/2023,07/08/2023,South America / Brazil / Minas Gerais / Belo Horizonte
EPI_ISL_18078556,09/01/2023,07/08/2023,South America / Brazil / Minas Gerais / Belo Horizonte
EPI_ISL_18078557,07/01/2023,07/08/2023,South America / Brazil / Minas Gerais / Belo Horizonte
EPI_ISL_18078558,06/01/2023,07/08/2023,South America / Brazil / Minas Gerais / Belo Horizonte
EPI_ISL_18078559,10/01/2023,07/08/2023,South America / Brazil / Minas Gerais / Belo Horizonte
EPI_ISL_18078560,06/01/2023,07/08/2023,South America / Brazil / Minas Gerais / Belo Horizonte
EPI_ISL_18078650,30/03/2023,07/08/2023,South America / Brazil / Minas Gerais / Itanhandu
EPI_ISL_18078651,05/04/2023,07/08/2023,South America / Brazil / Minas Gerais / Lavras
EPI_ISL_18078652,24/03/2023,07/08/2023,South America / Brazil / Minas Gerais / Lavras
EPI_ISL_18078653,26/04/2023,07/08/2023,South America / Brazil / Minas Gerais / Lavras
EPI_ISL_18078654,05/04/2023,07/08/2023,South America / Brazil / Minas Gerais / Lavras
EPI_ISL_18078655,22/03/2023,07/08/2023,South America / Brazil / Minas Gerais / Lavras
EPI_ISL_18078656,24/03/2023,07/08/2023,South America / Brazil / Minas Gerais / Lavras
EPI_ISL_18078852,28/05/2023,08/08/2023,South America / Brazil / Minas Gerais / Januaria
EPI_ISL_18078853,31/05/2023,08/08/2023,South America / Brazil / Minas Gerais / Ouro Branco
EPI_ISL_18078854,21/07/2023,08/08/2023,South America / Brazil / Minas Gerais / Brumadinho
EPI_ISL_18078855,22/07/2023,08/08/2023,South America / Brazil / Minas Gerais / Brumadinho
EPI_ISL_18078856,06/06/2023,08/08/2023,South America / Brazil / Minas Gerais / Alfenas
EPI_ISL_18078857,07/06/2023,08/08/2023,South America / Brazil / Minas Gerais / Belo Horizonte
EPI_ISL_18078858,05/06/2023,08/08/2023,South America / Brazil / Minas Gerais / Pouso Alegre
EPI_ISL_18078859,08/06/2023,08/08/2023,South America / Brazil / Minas Gerais / Belo Horizonte
EPI_ISL_18078860,05/06/2023,08/08/2023,South America / Brazil / Minas Gerais / Uberaba
EPI_ISL_18078861,11/06/2023,08/08/2023,South America / Brazil / Minas Gerais / Belo Horizonte
EPI_ISL_18078862,12/06/2023,08/08/2023,South America / Brazil / Minas Gerais / Santa Luzia
EPI_ISL_18078863,12/06/2023,08/08/2023,South America / Brazil / Minas Gerais / Pouso Alegre
EPI_ISL_18078864,12/06/2023,08/08/2023,South America / Brazil / Minas Gerais / Pouso Alegre
EPI_ISL_18078865,14/06/2023,08/08/2023,South America / Brazil / Minas Gerais / Diamantina
EPI_ISL_18078866,14/06/2023,08/08/2023,South America / Brazil / Minas Gerais / Caratinga
EPI_ISL_18078867,13/06/2023,08/08/2023,South America / Brazil / Minas Gerais / Divinopolis
EPI_ISL_18078868,14/06/2023,08/08/2023,South America / Brazil / Minas Gerais / Uberaba
EPI_ISL_18078869,14/06/2023,08/08/2023,South America / Brazil / Minas Gerais / Uberaba
EPI_ISL_18078870,14/06/2023,08/08/2023,South America / Brazil / Minas Gerais / Governador Valadares
EPI_ISL_18078871,20/06/2023,08/08/2023,South America / Brazil / Minas Gerais / Tres Coracoes
EPI_ISL_18078872,21/07/2023,08/08/2023,South America / Brazil / Minas Gerais / Lagoa da Prata
EPI_ISL_18078873,20/06/2023,08/08/2023,South America / Brazil / Minas Gerais / Belo Horizonte
EPI_ISL_18078874,18/06/2023,08/08/2023,South America / Brazil / Minas Gerais / Januaria
EPI_ISL_18078875,22/06/2023,08/08/2023,South America / Brazil / Minas Gerais / Sao Lourenco
EPI_ISL_18078876,21/06/2023,08/08/2023,South America / Brazil / Minas Gerais / Manhuacu
EPI_ISL_18078877,22/06/2023,08/08/2023,South America / Brazil / Minas Gerais / Betim
EPI_ISL_18078878,23/06/2023,08/08/2023,South America / Brazil / Minas Gerais / Muriae
EPI_ISL_18078879,23/06/2023,08/08/2023,South America / Brazil / Minas Gerais / Martinho Campos
EPI_ISL_18078880,26/06/2023,08/08/2023,South America / Brazil / Minas Gerais / Papagaios
EPI_ISL_18078881,26/06/2023,08/08/2023,South America / Brazil / Minas Gerais / Alfenas
EPI_ISL_18078882,29/06/2023,08/08/2023,South America / Brazil / Minas Gerais / Belo Horizonte
EPI_ISL_18078883,28/06/2023,08/08/2023,South America / Brazil / Minas Gerais / Sete Lagoas
EPI_ISL_18078884,26/06/2023,08/08/2023,South America / Brazil / Minas Gerais / Uberlandia
EPI_ISL_18078885,03/07/2023,08/08/2023,South America / Brazil / Minas Gerais / Congonhas
EPI_ISL_18078886,03/07/2023,08/08/2023,South America / Brazil / Minas Gerais / Sete Lagoas
EPI_ISL_18078887,03/07/2023,08/08/2023,South America / Brazil / Minas Gerais / Caratinga
EPI_ISL_18078888,04/07/2023,08/08/2023,South America / Brazil / Minas Gerais / Varginha
EPI_ISL_18078889,05/07/2023,08/08/2023,South America / Brazil / Minas Gerais / Belo Horizonte
EPI_ISL_18078890,03/07/2023,08/08/2023,South America / Brazil / Minas Gerais / Resplendor
EPI_ISL_18078891,03/07/2023,08/08/2023,South America / Brazil / Minas Gerais / Resplendor
EPI_ISL_18078892,05/07/2023,08/08/2023,South America / Brazil / Minas Gerais / Belo Horizonte
EPI_ISL_18078893,05/07/2023,08/08/2023,South America / Brazil / Minas Gerais / Belo Horizonte
EPI_ISL_18078894,07/07/2023,08/08/2023,South America / Brazil / Minas Gerais / Belo Horizonte
EPI_ISL_18078895,08/07/2023,08/08/2023,South America / Brazil / Minas Gerais / Belo Horizonte
EPI_ISL_18078896,08/07/2023,08/08/2023,South America / Brazil / Minas Gerais / Betim
EPI_ISL_18078897,10/07/2023,08/08/2023,South America / Brazil / Minas Gerais / Betim
EPI_ISL_18078898,12/07/2023,08/08/2023,South America / Brazil / Minas Gerais / Belo Horizonte
EPI_ISL_18078899,11/07/2023,08/08/2023,South America / Brazil / Minas Gerais / Ituiutaba
EPI_ISL_18078900,11/07/2023,08/08/2023,South America / Brazil / Minas Gerais / Ituiutaba
EPI_ISL_18078901,12/07/2023,08/08/2023,South America / Brazil / Minas Gerais / Varginha
EPI_ISL_18078902,12/07/2023,08/08/2023,South America / Brazil / Minas Gerais / Santa Luzia
EPI_ISL_18078903,11/07/2023,08/08/2023,South America / Brazil / Minas Gerais / Uberaba
EPI_ISL_18078904,13/07/2023,08/08/2023,South America / Brazil / Minas Gerais / Betim
EPI_ISL_18078905,14/07/2023,08/08/2023,South America / Brazil / Minas Gerais / Betim
EPI_ISL_18078906,17/07/2023,08/08/2023,South America / Brazil / Minas Gerais / Sao Lourenco
EPI_ISL_18078907,17/07/2023,08/08/2023,South America / Brazil / Minas Gerais / Ituiutaba
EPI_ISL_18078908,18/07/2023,08/08/2023,South America / Brazil / Minas Gerais / Alfenas
EPI_ISL_18078909,19/07/2023,08/08/2023,South America / Brazil / Minas Gerais / Lagoa da Prata
EPI_ISL_18078910,20/07/2023,08/08/2023,South America / Brazil / Minas Gerais / Papagaios
EPI_ISL_18078911,20/07/2023,08/08/2023,South America / Brazil / Minas Gerais / Betim
EPI_ISL_18078912,12/06/2023,08/08/2023,South America / Brazil / Minas Gerais / Sao Lourenco
EPI_ISL_18099793,01/06/2023,14/08/2023,South America / Brazil / Minas Gerais / Belo Horizonte
EPI_ISL_18099794,02/06/2023,14/08/2023,South America / Brazil / Minas Gerais / Belo Horizonte
EPI_ISL_18099795,02/06/2023,14/08/2023,South America / Brazil / Minas Gerais / Belo Horizonte
EPI_ISL_18099796,05/06/2023,14/08/2023,South America / Brazil / Minas Gerais / Belo Horizonte
EPI_ISL_18099797,09/06/2023,14/08/2023,South America / Brazil / Minas Gerais / Belo Horizonte
EPI_ISL_18099798,14/06/2023,14/08/2023,South America / Brazil / Minas Gerais / Belo Horizonte
EPI_ISL_18099799,15/06/2023,14/08/2023,South America / Brazil / Minas Gerais / Belo Horizonte
EPI_ISL_18099800,15/06/2023,14/08/2023,South America / Brazil / Minas Gerais / Belo Horizonte
EPI_ISL_18099801,16/06/2023,14/08/2023,South America / Brazil / Minas Gerais / Belo Horizonte
EPI_ISL_18099802,19/06/2023,14/08/2023,South America / Brazil / Minas Gerais / Belo Horizonte
EPI_ISL_18099803,23/06/2023,14/08/2023,South America / Brazil / Minas Gerais / Belo Horizonte
EPI_ISL_18099804,27/06/2023,14/08/2023,South America / Brazil / Minas Gerais / Belo Horizonte
EPI_ISL_18099805,28/06/2023,14/08/2023,South America / Brazil / Minas Gerais / Belo Horizonte
EPI_ISL_18099806,29/06/2023,14/08/2023,South America / Brazil / Minas Gerais / Belo Horizonte
EPI_ISL_18099807,30/06/2023,14/08/2023,South America / Brazil / Minas Gerais / Belo Horizonte
EPI_ISL_18099808,30/06/2023,14/08/2023,South America / Brazil / Minas Gerais / Belo Horizonte
EPI_ISL_18099809,28/06/2023,14/08/2023,South America / Brazil / Minas Gerais / Belo Horizonte
EPI_ISL_18099810,03/07/2023,14/08/2023,South America / Brazil / Minas Gerais / Belo Horizonte
EPI_ISL_18099811,03/07/2023,14/08/2023,South America / Brazil / Minas Gerais / Belo Horizonte
EPI_ISL_18099812,05/07/2023,14/08/2023,South America / Brazil / Minas Gerais / Belo Horizonte
EPI_ISL_18099813,06/07/2023,14/08/2023,South America / Brazil / Minas Gerais / Belo Horizonte
EPI_ISL_18099814,04/07/2023,14/08/2023,South America / Brazil / Minas Gerais / Belo Horizonte
EPI_ISL_18099815,10/07/2023,14/08/2023,South America / Brazil / Minas Gerais / Belo Horizonte
EPI_ISL_18099816,11/07/2023,14/08/2023,South America / Brazil / Minas Gerais / Belo Horizonte
EPI_ISL_18099817,12/07/2023,14/08/2023,South America / Brazil / Minas Gerais / Belo Horizonte
EPI_ISL_18126105,09/01/2023,22/08/2023,South America / Brazil / Minas Gerais / Belo Horizonte
EPI_ISL_18126114,09/01/2023,22/08/2023,South America / Brazil / Minas Gerais / Belo Horizonte
EPI_ISL_18126115,10/01/2023,22/08/2023,South America / Brazil / Minas Gerais / Belo Horizonte
EPI_ISL_18216698,14/07/2023,04/09/2023,South America / Brazil / Minas Gerais / Belo Horizonte
EPI_ISL_18216699,17/07/2023,04/09/2023,South America / Brazil / Minas Gerais / Belo Horizonte
EPI_ISL_18216700,17/07/2023,04/09/2023,South America / Brazil / Minas Gerais / Belo Horizonte
EPI_ISL_18216701,19/07/2023,04/09/2023,South America / Brazil / Minas Gerais / Belo Horizonte
EPI_ISL_18216702,24/07/2023,04/09/2023,South America / Brazil / Minas Gerais / Belo Horizonte
EPI_ISL_18216703,24/07/2023,04/09/2023,South America / Brazil / Minas Gerais / Belo Horizonte
EPI_ISL_18216704,24/07/2023,04/09/2023,South America / Brazil / Minas Gerais / Belo Horizonte
EPI_ISL_18216705,24/07/2023,04/09/2023,South America / Brazil / Minas Gerais / Belo Horizonte
EPI_ISL_18216706,25/07/2023,04/09/2023,South America / Brazil / Minas Gerais / Belo Horizonte
EPI_ISL_18216707,25/07/2023,04/09/2023,South America / Brazil / Minas Gerais / Belo Horizonte
EPI_ISL_18216708,25/07/2023,04/09/2023,South America / Brazil / Minas Gerais / Belo Horizonte
EPI_ISL_18216709,25/07/2023,04/09/2023,South America / Brazil / Minas Gerais / Belo Horizonte
EPI_ISL_18216710,27/07/2023,04/09/2023,South America / Brazil / Minas Gerais / Belo Horizonte
EPI_ISL_18216711,28/07/2023,04/09/2023,South America / Brazil / Minas Gerais / Belo Horizonte
EPI_ISL_18216712,28/07/2023,04/09/2023,South America / Brazil / Minas Gerais / Belo Horizonte
EPI_ISL_18216713,28/07/2023,04/09/2023,South America / Brazil / Minas Gerais / Belo Horizonte
EPI_ISL_18216714,31/07/2023,04/09/2023,South America / Brazil / Minas Gerais / Belo Horizonte
EPI_ISL_18216715,31/07/2023,04/09/2023,South America / Brazil / Minas Gerais / Belo Horizonte
EPI_ISL_18216716,14/07/2023,04/09/2023,South America / Brazil / Minas Gerais / Belo Horizonte
EPI_ISL_18216717,02/08/2023,04/09/2023,South America / Brazil / Minas Gerais / Belo Horizonte
EPI_ISL_18216718,18/08/2023,04/09/2023,South America / Brazil / Minas Gerais / Belo Horizonte
EPI_ISL_18216719,18/08/2023,04/09/2023,South America / Brazil / Minas Gerais / Belo Horizonte
EPI_ISL_18216720,18/08/2023,04/09/2023,South America / Brazil / Minas Gerais / Belo Horizonte
EPI_ISL_18216721,18/08/2023,04/09/2023,South America / Brazil / Minas Gerais / Belo Horizonte
EPI_ISL_18216722,18/08/2023,04/09/2023,South America / Brazil / Minas Gerais / Belo Horizonte
EPI_ISL_18216723,22/08/2023,04/09/2023,South America / Brazil / Minas Gerais / Belo Horizonte
EPI_ISL_18216724,23/08/2023,04/09/2023,South America / Brazil / Minas Gerais / Belo Horizonte
EPI_ISL_18216725,24/08/2023,04/09/2023,South America / Brazil / Minas Gerais / Belo Horizonte
EPI_ISL_18216726,28/07/2023,04/09/2023,South America / Brazil / Minas Gerais / Belo Horizonte
EPI_ISL_18216765,15/08/2023,04/09/2023,South America / Brazil / Minas Gerais / Varginha
EPI_ISL_18228409,05/06/2023,06/09/2023,South America / Brazil / Minas Gerais / Belo Horizonte
EPI_ISL_18228410,05/06/2023,06/09/2023,South America / Brazil / Minas Gerais / Belo Horizonte
EPI_ISL_18228411,05/07/2023,06/09/2023,South America / Brazil / Minas Gerais / Belo Horizonte
EPI_ISL_18228412,05/08/2023,06/09/2023,South America / Brazil / Minas Gerais / Betim
EPI_ISL_18228413,05/08/2023,06/09/2023,South America / Brazil / Minas Gerais / Belo Horizonte
EPI_ISL_18228414,05/08/2023,06/09/2023,South America / Brazil / Minas Gerais / Belo Horizonte
EPI_ISL_18228415,05/08/2023,06/09/2023,South America / Brazil / Minas Gerais / Belo Horizonte
EPI_ISL_18228416,05/09/2023,06/09/2023,South America / Brazil / Minas Gerais / Belo Horizonte
EPI_ISL_18228417,05/09/2023,06/09/2023,South America / Brazil / Minas Gerais / Ibirite
EPI_ISL_18228418,05/09/2023,06/09/2023,South America / Brazil / Minas Gerais / Belo Horizonte
EPI_ISL_18228419,05/06/2023,06/09/2023,South America / Brazil / Minas Gerais / Belo Horizonte
EPI_ISL_18228420,05/07/2023,06/09/2023,South America / Brazil / Minas Gerais / Belo Horizonte
EPI_ISL_18228421,05/08/2023,06/09/2023,South America / Brazil / Minas Gerais / Belo Horizonte
EPI_ISL_18228422,05/08/2023,06/09/2023,South America / Brazil / Minas Gerais / Contagem
EPI_ISL_18228423,05/08/2023,06/09/2023,South America / Brazil / Minas Gerais / Belo Horizonte
EPI_ISL_18228424,05/08/2023,06/09/2023,South America / Brazil / Minas Gerais / Contagem
EPI_ISL_18228425,05/09/2023,06/09/2023,South America / Brazil / Minas Gerais / Belo Horizonte
EPI_ISL_18228426,05/09/2023,06/09/2023,South America / Brazil / Minas Gerais / Belo Horizonte
EPI_ISL_18228427,05/09/2023,06/09/2023,South America / Brazil / Minas Gerais / Contagem
EPI_ISL_18228428,05/06/2023,06/09/2023,South America / Brazil / Minas Gerais / Belo Horizonte
EPI_ISL_18228429,05/08/2023,06/09/2023,South America / Brazil / Minas Gerais / Sao Jose da Lapa
EPI_ISL_18228430,05/08/2023,06/09/2023,South America / Brazil / Minas Gerais / Belo Horizonte
EPI_ISL_18228431,05/08/2023,06/09/2023,South America / Brazil / Minas Gerais / Belo Horizonte
EPI_ISL_18228432,05/09/2023,06/09/2023,South America / Brazil / Minas Gerais / Belo Horizonte
EPI_ISL_18228433,05/09/2023,06/09/2023,South America / Brazil / Minas Gerais / Belo Horizonte
EPI_ISL_18228434,05/06/2023,06/09/2023,South America / Brazil / Minas Gerais / Belo Horizonte
EPI_ISL_18228435,05/08/2023,06/09/2023,South America / Brazil / Minas Gerais / Belo Horizonte
EPI_ISL_18228436,05/08/2023,06/09/2023,South America / Brazil / Minas Gerais / Lagoa Santa
EPI_ISL_18228437,05/08/2023,06/09/2023,South America / Brazil / Minas Gerais / Belo Horizonte
EPI_ISL_18228438,05/08/2023,06/09/2023,South America / Brazil / Minas Gerais / Belo Horizonte
EPI_ISL_18228439,05/06/2023,06/09/2023,South America / Brazil / Minas Gerais / Contagem
EPI_ISL_18228440,05/09/2023,06/09/2023,South America / Brazil / Minas Gerais / Nova Lima
EPI_ISL_18228441,05/06/2023,06/09/2023,South America / Brazil / Minas Gerais / Belo Horizonte
EPI_ISL_18228442,05/08/2023,06/09/2023,South America / Brazil / Minas Gerais / Belo Horizonte
EPI_ISL_18228443,05/08/2023,06/09/2023,South America / Brazil / Minas Gerais / Belo Horizonte
EPI_ISL_18228444,05/08/2023,06/09/2023,South America / Brazil / Minas Gerais / Contagem
EPI_ISL_18228445,05/08/2023,06/09/2023,South America / Brazil / Minas Gerais / Belo Horizonte
EPI_ISL_18228446,05/08/2023,06/09/2023,South America / Brazil / Minas Gerais / Belo Horizonte
EPI_ISL_18228447,05/08/2023,06/09/2023,South America / Brazil / Minas Gerais / Belo Horizonte
EPI_ISL_18228448,05/09/2023,06/09/2023,South America / Brazil / Minas Gerais / Contagem
EPI_ISL_18228449,05/09/2023,06/09/2023,South America / Brazil / Minas Gerais / Belo Horizonte
EPI_ISL_18228450,05/06/2023,06/09/2023,South America / Brazil / Minas Gerais / Belo Horizonte
EPI_ISL_18228451,05/06/2023,06/09/2023,South America / Brazil / Minas Gerais / Belo Horizonte
EPI_ISL_18228452,05/06/2023,06/09/2023,South America / Brazil / Minas Gerais / Belo Horizonte
EPI_ISL_18228453,05/03/2023,06/09/2023,South America / Brazil / Minas Gerais / Belo Horizonte
EPI_ISL_18228454,05/03/2023,06/09/2023,South America / Brazil / Minas Gerais / Belo Horizonte
EPI_ISL_18228455,05/03/2023,06/09/2023,South America / Brazil / Minas Gerais / Belo Horizonte
EPI_ISL_18228456,05/03/2023,06/09/2023,South America / Brazil / Minas Gerais / Belo Horizonte
EPI_ISL_18228457,05/03/2023,06/09/2023,South America / Brazil / Minas Gerais / Belo Horizonte
EPI_ISL_18228458,05/03/2023,06/09/2023,South America / Brazil / Minas Gerais / Contagem
EPI_ISL_18228459,05/03/2023,06/09/2023,South America / Brazil / Minas Gerais / Belo Horizonte
EPI_ISL_18228460,05/03/2023,06/09/2023,South America / Brazil / Minas Gerais / Belo Horizonte
EPI_ISL_18228461,05/03/2023,06/09/2023,South America / Brazil / Minas Gerais / Belo Horizonte
EPI_ISL_18228462,05/03/2023,06/09/2023,South America / Brazil / Minas Gerais / Belo Horizonte
EPI_ISL_18228463,05/03/2023,06/09/2023,South America / Brazil / Minas Gerais / Belo Horizonte
EPI_ISL_18228464,05/03/2023,06/09/2023,South America / Brazil / Minas Gerais / Belo Horizonte
EPI_ISL_18228465,05/03/2023,06/09/2023,South America / Brazil / Minas Gerais / Belo Horizonte
EPI_ISL_18228466,05/04/2023,06/09/2023,South America / Brazil / Minas Gerais / Belo Horizonte
EPI_ISL_18228467,05/04/2023,06/09/2023,South America / Brazil / Minas Gerais / Belo Horizonte
EPI_ISL_18228468,05/02/2023,06/09/2023,South America / Brazil / Minas Gerais / Belo Horizonte
EPI_ISL_18228469,05/04/2023,06/09/2023,South America / Brazil / Minas Gerais / Betim
EPI_ISL_18228470,26/06/2023,06/09/2023,South America / Brazil / Minas Gerais / Contagem
EPI_ISL_18228545,05/08/2023,06/09/2023,South America / Brazil / Minas Gerais / Belo Horizonte
EPI_ISL_18228546,05/09/2023,06/09/2023,South America / Brazil / Minas Gerais / Belo Horizonte
EPI_ISL_18228547,05/03/2023,06/09/2023,South America / Brazil / Minas Gerais / Belo Horizonte
EPI_ISL_18268907,26/07/2023,15/09/2023,South America / Brazil / Minas Gerais / Contagem
EPI_ISL_18268908,25/07/2023,15/09/2023,South America / Brazil / Minas Gerais / Belo Horizonte
EPI_ISL_18268909,25/07/2023,15/09/2023,South America / Brazil / Minas Gerais / Uberaba
EPI_ISL_18268910,26/07/2023,15/09/2023,South America / Brazil / Minas Gerais / Ouro Branco
EPI_ISL_18268911,25/07/2023,15/09/2023,South America / Brazil / Minas Gerais / Belo Horizonte
EPI_ISL_18268912,31/07/2023,15/09/2023,South America / Brazil / Minas Gerais / Belo Horizonte
EPI_ISL_18268913,25/07/2023,15/09/2023,South America / Brazil / Minas Gerais / Felisburgo
EPI_ISL_18268914,24/07/2023,15/09/2023,South America / Brazil / Minas Gerais / Felisburgo
EPI_ISL_18268915,03/08/2023,15/09/2023,South America / Brazil / Minas Gerais / Belo Horizonte
EPI_ISL_18268916,04/08/2023,15/09/2023,South America / Brazil / Minas Gerais / Contagem
EPI_ISL_18268917,06/08/2023,15/09/2023,South America / Brazil / Minas Gerais / Betim
EPI_ISL_18268918,07/08/2023,15/09/2023,South America / Brazil / Minas Gerais / Paracatu
EPI_ISL_18268919,08/08/2023,15/09/2023,South America / Brazil / Minas Gerais / Contagem
EPI_ISL_18268920,07/08/2023,15/09/2023,South America / Brazil / Minas Gerais / Ituiutaba
EPI_ISL_18268921,08/08/2023,15/09/2023,South America / Brazil / Minas Gerais / Belo Horizonte
EPI_ISL_18268922,06/08/2023,15/09/2023,South America / Brazil / Minas Gerais / Piumhi
EPI_ISL_18268923,09/08/2023,15/09/2023,South America / Brazil / Minas Gerais / Ituiutaba
EPI_ISL_18268924,09/08/2023,15/09/2023,South America / Brazil / Minas Gerais / Divinopolis
EPI_ISL_18268925,10/08/2023,15/09/2023,South America / Brazil / Minas Gerais / Sete Lagoas
EPI_ISL_18268926,08/08/2023,15/09/2023,South America / Brazil / Minas Gerais / Varginha
EPI_ISL_18268927,08/08/2023,15/09/2023,South America / Brazil / Minas Gerais / Uberaba
EPI_ISL_18268928,08/08/2023,15/09/2023,South America / Brazil / Minas Gerais / Uberaba
EPI_ISL_18268929,10/08/2023,15/09/2023,South America / Brazil / Minas Gerais / Belo Horizonte
EPI_ISL_18268930,11/08/2023,15/09/2023,South America / Brazil / Minas Gerais / Lagoa da Prata
EPI_ISL_18268931,08/08/2023,15/09/2023,South America / Brazil / Minas Gerais / Teofilo Otoni
EPI_ISL_18268932,08/08/2023,15/09/2023,South America / Brazil / Minas Gerais / Teofilo Otoni
EPI_ISL_18268933,08/08/2023,15/09/2023,South America / Brazil / Minas Gerais / Teofilo Otoni
EPI_ISL_18268934,15/08/2023,15/09/2023,South America / Brazil / Minas Gerais / Alfenas
EPI_ISL_18268935,13/08/2023,15/09/2023,South America / Brazil / Minas Gerais / Carangola
EPI_ISL_18268936,15/08/2023,15/09/2023,South America / Brazil / Minas Gerais / Pimenta
EPI_ISL_18268937,15/08/2023,15/09/2023,South America / Brazil / Minas Gerais / Ouro Preto
EPI_ISL_18268938,16/08/2023,15/09/2023,South America / Brazil / Minas Gerais / Varginha
EPI_ISL_18268939,15/08/2023,15/09/2023,South America / Brazil / Minas Gerais / Varginha
EPI_ISL_18268940,15/08/2023,15/09/2023,South America / Brazil / Minas Gerais / Varginha
EPI_ISL_18268941,15/08/2023,15/09/2023,South America / Brazil / Minas Gerais / Varginha
EPI_ISL_18268942,17/08/2023,15/09/2023,South America / Brazil / Minas Gerais / Diamantina
EPI_ISL_18268943,17/08/2023,15/09/2023,South America / Brazil / Minas Gerais / Conselheiro Lafaiete
EPI_ISL_18268944,16/08/2023,15/09/2023,South America / Brazil / Minas Gerais / Paracatu
EPI_ISL_18268945,17/08/2023,15/09/2023,South America / Brazil / Minas Gerais / Belo Horizonte
EPI_ISL_18268946,17/08/2023,15/09/2023,South America / Brazil / Minas Gerais / Vicosa
EPI_ISL_18268947,21/08/2023,15/09/2023,South America / Brazil / Minas Gerais / Barbacena
EPI_ISL_18268948,21/08/2023,15/09/2023,South America / Brazil / Minas Gerais / Vicosa
EPI_ISL_18268949,21/08/2023,15/09/2023,South America / Brazil / Minas Gerais / Vicosa
EPI_ISL_18268950,15/08/2023,15/09/2023,South America / Brazil / Minas Gerais / Teofilo Otoni
EPI_ISL_18268951,22/08/2023,15/09/2023,South America / Brazil / Minas Gerais / Manhumirim
EPI_ISL_18268952,21/08/2023,15/09/2023,South America / Brazil / Minas Gerais / Manhuacu
EPI_ISL_18268953,24/08/2023,15/09/2023,South America / Brazil / Minas Gerais / Belo Horizonte
EPI_ISL_18268954,23/08/2023,15/09/2023,South America / Brazil / Minas Gerais / Timoteo
EPI_ISL_18268955,22/08/2023,15/09/2023,South America / Brazil / Minas Gerais / Belo Horizonte
EPI_ISL_18268956,24/08/2023,15/09/2023,South America / Brazil / Minas Gerais / Manhuacu
EPI_ISL_18268957,24/08/2023,15/09/2023,South America / Brazil / Minas Gerais / Belo Horizonte
EPI_ISL_18268958,23/08/2023,15/09/2023,South America / Brazil / Minas Gerais / Varginha
EPI_ISL_18268959,23/08/2023,15/09/2023,South America / Brazil / Minas Gerais / Varginha
EPI_ISL_18268960,24/08/2023,15/09/2023,South America / Brazil / Minas Gerais / Belo Horizonte
EPI_ISL_18268961,24/08/2023,15/09/2023,South America / Brazil / Minas Gerais / Belo Horizonte
EPI_ISL_18268962,25/08/2023,15/09/2023,South America / Brazil / Minas Gerais / Belo Horizonte
EPI_ISL_18268963,25/08/2023,15/09/2023,South America / Brazil / Minas Gerais / Belo Horizonte
EPI_ISL_18268964,25/08/2023,15/09/2023,South America / Brazil / Minas Gerais / Jaboticatubas
EPI_ISL_18268965,25/08/2023,15/09/2023,South America / Brazil / Minas Gerais / Jaboticatubas
EPI_ISL_18268966,27/08/2023,15/09/2023,South America / Brazil / Minas Gerais / Para de Minas
EPI_ISL_18268967,26/08/2023,15/09/2023,South America / Brazil / Minas Gerais / Contagem
EPI_ISL_18268968,26/08/2023,15/09/2023,South America / Brazil / Minas Gerais / Pouso Alegre
EPI_ISL_18268969,28/08/2023,15/09/2023,South America / Brazil / Minas Gerais / Uberlandia
EPI_ISL_18268970,28/08/2023,15/09/2023,South America / Brazil / Minas Gerais / Ituiutaba
EPI_ISL_18268971,29/08/2023,15/09/2023,South America / Brazil / Minas Gerais / Uba
EPI_ISL_18268972,29/08/2023,15/09/2023,South America / Brazil / Minas Gerais / Uba
EPI_ISL_18268973,29/08/2023,15/09/2023,South America / Brazil / Minas Gerais / Pouso Alegre
EPI_ISL_18268974,29/08/2023,15/09/2023,South America / Brazil / Minas Gerais / Varginha
EPI_ISL_18268975,29/08/2023,15/09/2023,South America / Brazil / Minas Gerais / Varginha
EPI_ISL_18268976,05/07/2023,15/09/2023,South America / Brazil / Minas Gerais / Juiz de Fora
EPI_ISL_18268977,28/08/2023,15/09/2023,South America / Brazil / Minas Gerais / Uberaba
EPI_ISL_18268978,29/08/2023,15/09/2023,South America / Brazil / Minas Gerais / Belo Horizonte
EPI_ISL_18268979,31/08/2023,15/09/2023,South America / Brazil / Minas Gerais / Belo Horizonte
EPI_ISL_18275617,02/06/2023,18/09/2023,South America / Brazil / Minas Gerais / Belo Horizonte
EPI_ISL_18275618,05/06/2023,18/09/2023,South America / Brazil / Minas Gerais / Belo Horizonte
EPI_ISL_18275619,05/06/2023,18/09/2023,South America / Brazil / Minas Gerais / Belo Horizonte
EPI_ISL_18275620,07/06/2023,18/09/2023,South America / Brazil / Minas Gerais / Belo Horizonte
EPI_ISL_18275621,13/06/2023,18/09/2023,South America / Brazil / Minas Gerais / Belo Horizonte
EPI_ISL_18275622,12/06/2023,18/09/2023,South America / Brazil / Minas Gerais / Belo Horizonte
EPI_ISL_18275623,14/06/2023,18/09/2023,South America / Brazil / Minas Gerais / Belo Horizonte
EPI_ISL_18275624,15/06/2023,18/09/2023,South America / Brazil / Minas Gerais / Belo Horizonte
EPI_ISL_18275625,13/06/2023,18/09/2023,South America / Brazil / Minas Gerais / Belo Horizonte
EPI_ISL_18275626,19/06/2023,18/09/2023,South America / Brazil / Minas Gerais / Belo Horizonte
EPI_ISL_18275627,23/06/2023,18/09/2023,South America / Brazil / Minas Gerais / Belo Horizonte
EPI_ISL_18275628,26/06/2023,18/09/2023,South America / Brazil / Minas Gerais / Belo Horizonte
EPI_ISL_18275629,27/06/2023,18/09/2023,South America / Brazil / Minas Gerais / Belo Horizonte
EPI_ISL_18275630,27/06/2023,18/09/2023,South America / Brazil / Minas Gerais / Belo Horizonte
EPI_ISL_18275631,05/07/2023,18/09/2023,South America / Brazil / Minas Gerais / Belo Horizonte
EPI_ISL_18281779,20/08/2023,15/09/2023,South America / Brazil / Minas Gerais / Pouso Alegre
EPI_ISL_18281780,23/08/2023,15/09/2023,South America / Brazil / Minas Gerais / Ouro Branco
EPI_ISL_18345714,07/06/2023,04/10/2023,South America / Brazil / Minas Gerais / Belo Horizonte
EPI_ISL_18345821,26/06/2023,04/10/2023,South America / Brazil / Minas Gerais / Jequeri
EPI_ISL_18408347,04/08/2023,19/10/2023,South America / Brazil / Minas Gerais / Belo Horizonte
EPI_ISL_18408348,10/08/2023,19/10/2023,South America / Brazil / Minas Gerais / Belo Horizonte
EPI_ISL_18408349,14/08/2023,19/10/2023,South America / Brazil / Minas Gerais / Belo Horizonte
EPI_ISL_18408350,28/08/2023,19/10/2023,South America / Brazil / Minas Gerais / Belo Horizonte
EPI_ISL_18408351,29/08/2023,19/10/2023,South America / Brazil / Minas Gerais / Belo Horizonte
EPI_ISL_18408352,30/08/2023,19/10/2023,South America / Brazil / Minas Gerais / Belo Horizonte
EPI_ISL_18408353,30/08/2023,19/10/2023,South America / Brazil / Minas Gerais / Belo Horizonte
EPI_ISL_18408354,25/08/2023,19/10/2023,South America / Brazil / Minas Gerais / Belo Horizonte
EPI_ISL_18408355,30/08/2023,19/10/2023,South America / Brazil / Minas Gerais / Belo Horizonte
EPI_ISL_18408356,30/08/2023,19/10/2023,South America / Brazil / Minas Gerais / Belo Horizonte
EPI_ISL_18408357,30/08/2023,19/10/2023,South America / Brazil / Minas Gerais / Belo Horizonte
EPI_ISL_18408358,01/09/2023,19/10/2023,South America / Brazil / Minas Gerais / Belo Horizonte
EPI_ISL_18408359,01/09/2023,19/10/2023,South America / Brazil / Minas Gerais / Belo Horizonte
EPI_ISL_18408360,01/09/2023,19/10/2023,South America / Brazil / Minas Gerais / Belo Horizonte
EPI_ISL_18408361,01/09/2023,19/10/2023,South America / Brazil / Minas Gerais / Belo Horizonte
EPI_ISL_18408362,04/09/2023,19/10/2023,South America / Brazil / Minas Gerais / Belo Horizonte
EPI_ISL_18408363,04/09/2023,19/10/2023,South America / Brazil / Minas Gerais / Belo Horizonte
EPI_ISL_18408364,04/09/2023,19/10/2023,South America / Brazil / Minas Gerais / Belo Horizonte
EPI_ISL_18408365,08/09/2023,19/10/2023,South America / Brazil / Minas Gerais / Belo Horizonte
EPI_ISL_18408366,06/09/2023,19/10/2023,South America / Brazil / Minas Gerais / Belo Horizonte
EPI_ISL_18408367,11/09/2023,19/10/2023,South America / Brazil / Minas Gerais / Belo Horizonte
EPI_ISL_18408368,11/09/2023,19/10/2023,South America / Brazil / Minas Gerais / Belo Horizonte
EPI_ISL_18408369,11/09/2023,19/10/2023,South America / Brazil / Minas Gerais / Belo Horizonte
EPI_ISL_18408370,11/09/2023,19/10/2023,South America / Brazil / Minas Gerais / Belo Horizonte
EPI_ISL_18408371,11/09/2023,19/10/2023,South America / Brazil / Minas Gerais / Belo Horizonte
EPI_ISL_18408372,08/09/2023,19/10/2023,South America / Brazil / Minas Gerais / Belo Horizonte
EPI_ISL_18408373,12/09/2023,19/10/2023,South America / Brazil / Minas Gerais / Belo Horizonte
EPI_ISL_18408374,11/09/2023,19/10/2023,South America / Brazil / Minas Gerais / Belo Horizonte
EPI_ISL_18408375,12/09/2023,19/10/2023,South America / Brazil / Minas Gerais / Belo Horizonte
EPI_ISL_18408376,12/09/2023,19/10/2023,South America / Brazil / Minas Gerais / Belo Horizonte
EPI_ISL_18408377,12/09/2023,19/10/2023,South America / Brazil / Minas Gerais / Belo Horizonte
EPI_ISL_18408378,13/09/2023,19/10/2023,South America / Brazil / Minas Gerais / Belo Horizonte
EPI_ISL_18408379,13/09/2023,19/10/2023,South America / Brazil / Minas Gerais / Belo Horizonte
EPI_ISL_18408380,13/09/2023,19/10/2023,South America / Brazil / Minas Gerais / Belo Horizonte
EPI_ISL_18408381,13/09/2023,19/10/2023,South America / Brazil / Minas Gerais / Belo Horizonte
EPI_ISL_18408382,14/09/2023,19/10/2023,South America / Brazil / Minas Gerais / Belo Horizonte
EPI_ISL_18408383,14/09/2023,19/10/2023,South America / Brazil / Minas Gerais / Belo Horizonte
EPI_ISL_18408384,15/09/2023,19/10/2023,South America / Brazil / Minas Gerais / Belo Horizonte
EPI_ISL_18408385,15/09/2023,19/10/2023,South America / Brazil / Minas Gerais / Belo Horizonte
EPI_ISL_18408386,15/09/2023,19/10/2023,South America / Brazil / Minas Gerais / Belo Horizonte
EPI_ISL_18408387,15/09/2023,19/10/2023,South America / Brazil / Minas Gerais / Belo Horizonte
EPI_ISL_18408388,18/09/2023,19/10/2023,South America / Brazil / Minas Gerais / Belo Horizonte
EPI_ISL_18408389,18/09/2023,19/10/2023,South America / Brazil / Minas Gerais / Belo Horizonte
EPI_ISL_18408390,18/09/2023,19/10/2023,South America / Brazil / Minas Gerais / Belo Horizonte
EPI_ISL_18408391,18/09/2023,19/10/2023,South America / Brazil / Minas Gerais / Belo Horizonte
EPI_ISL_18408392,18/09/2023,19/10/2023,South America / Brazil / Minas Gerais / Belo Horizonte
EPI_ISL_18408393,19/09/2023,19/10/2023,South America / Brazil / Minas Gerais / Belo Horizonte
EPI_ISL_18408394,19/09/2023,19/10/2023,South America / Brazil / Minas Gerais / Belo Horizonte
EPI_ISL_18408395,19/09/2023,19/10/2023,South America / Brazil / Minas Gerais / Belo Horizonte
EPI_ISL_18408396,20/09/2023,19/10/2023,South America / Brazil / Minas Gerais / Belo Horizonte
EPI_ISL_18408397,20/09/2023,19/10/2023,South America / Brazil / Minas Gerais / Belo Horizonte
EPI_ISL_18408398,28/09/2023,19/10/2023,South America / Brazil / Minas Gerais / Belo Horizonte
EPI_ISL_18493609,05/09/2023,10/11/2023,South America / Brazil / Minas Gerais / Varginha
EPI_ISL_18493610,05/09/2023,10/11/2023,South America / Brazil / Minas Gerais / Varginha
EPI_ISL_18493611,04/09/2023,10/11/2023,South America / Brazil / Minas Gerais / Congonhas
EPI_ISL_18493612,08/09/2023,10/11/2023,South America / Brazil / Minas Gerais / Sabara
EPI_ISL_18493613,11/09/2023,10/11/2023,South America / Brazil / Minas Gerais / Ponte Nova
EPI_ISL_18493614,04/09/2023,10/11/2023,South America / Brazil / Minas Gerais / Barbacena
EPI_ISL_18493615,12/09/2023,10/11/2023,South America / Brazil / Minas Gerais / Alfenas
EPI_ISL_18493616,12/09/2023,10/11/2023,South America / Brazil / Minas Gerais / Carangola
EPI_ISL_18493617,05/09/2023,10/11/2023,South America / Brazil / Minas Gerais / Manhuacu
EPI_ISL_18493618,10/09/2023,10/11/2023,South America / Brazil / Minas Gerais / Manhuacu
EPI_ISL_18493619,13/09/2023,10/11/2023,South America / Brazil / Minas Gerais / Tres Marias
EPI_ISL_18493620,13/09/2023,10/11/2023,South America / Brazil / Minas Gerais / Belo Horizonte
EPI_ISL_18493621,12/09/2023,10/11/2023,South America / Brazil / Minas Gerais / Varginha
EPI_ISL_18493622,13/09/2023,10/11/2023,South America / Brazil / Minas Gerais / Diamantina
EPI_ISL_18493623,14/09/2023,10/11/2023,South America / Brazil / Minas Gerais / Conselheiro Lafaiete
EPI_ISL_18493624,14/09/2023,10/11/2023,South America / Brazil / Minas Gerais / Pouso Alegre
EPI_ISL_18493625,13/09/2023,10/11/2023,South America / Brazil / Minas Gerais / Pouso Alegre
EPI_ISL_18493626,14/09/2023,10/11/2023,South America / Brazil / Minas Gerais / Betim
EPI_ISL_18493627,15/09/2023,10/11/2023,South America / Brazil / Minas Gerais / Muriae
EPI_ISL_18493628,15/09/2023,10/11/2023,South America / Brazil / Minas Gerais / Jaboticatubas
EPI_ISL_18493629,18/09/2023,10/11/2023,South America / Brazil / Minas Gerais / Papagaios
EPI_ISL_18493630,19/09/2023,10/11/2023,South America / Brazil / Minas Gerais / Matozinhos
EPI_ISL_18493631,17/09/2023,10/11/2023,South America / Brazil / Minas Gerais / Paracatu
EPI_ISL_18493632,18/09/2023,10/11/2023,South America / Brazil / Minas Gerais / Sete Lagoas
EPI_ISL_18493633,14/09/2023,10/11/2023,South America / Brazil / Minas Gerais / Congonhas
EPI_ISL_18493634,19/09/2023,10/11/2023,South America / Brazil / Minas Gerais / Barroso
EPI_ISL_18493635,18/09/2023,10/11/2023,South America / Brazil / Minas Gerais / Uberaba
EPI_ISL_18493636,16/09/2023,10/11/2023,South America / Brazil / Minas Gerais / Iturama
EPI_ISL_18493637,19/09/2023,10/11/2023,South America / Brazil / Minas Gerais / Uba
EPI_ISL_18493638,18/09/2023,10/11/2023,South America / Brazil / Minas Gerais / Coronel Fabriciano
EPI_ISL_18493639,20/09/2023,10/11/2023,South America / Brazil / Minas Gerais / Divinopolis
EPI_ISL_18493640,19/09/2023,10/11/2023,South America / Brazil / Minas Gerais / Divinopolis
EPI_ISL_18493641,20/09/2023,10/11/2023,South America / Brazil / Minas Gerais / Varginha
EPI_ISL_18493642,19/09/2023,10/11/2023,South America / Brazil / Minas Gerais / Varginha
EPI_ISL_18493643,19/09/2023,10/11/2023,South America / Brazil / Minas Gerais / Uberlandia
EPI_ISL_18493644,19/09/2023,10/11/2023,South America / Brazil / Minas Gerais / Ouro Branco
EPI_ISL_18493645,21/09/2023,10/11/2023,South America / Brazil / Minas Gerais / Alterosa
EPI_ISL_18493646,20/09/2023,10/11/2023,South America / Brazil / Minas Gerais / Jaboticatubas
EPI_ISL_18493647,23/09/2023,10/11/2023,South America / Brazil / Minas Gerais / Lagoa da Prata
EPI_ISL_18493648,23/09/2023,10/11/2023,South America / Brazil / Minas Gerais / Tres Coracoes
EPI_ISL_18493649,27/09/2023,10/11/2023,South America / Brazil / Minas Gerais / Joao Pinheiro
EPI_ISL_18493650,27/09/2023,10/11/2023,South America / Brazil / Minas Gerais / Timoteo
EPI_ISL_18493651,27/09/2023,10/11/2023,South America / Brazil / Minas Gerais / Varginha
EPI_ISL_18493652,26/09/2023,10/11/2023,South America / Brazil / Minas Gerais / Varginha
EPI_ISL_18493653,27/09/2023,10/11/2023,South America / Brazil / Minas Gerais / Santa Luzia
EPI_ISL_18493654,27/09/2023,10/11/2023,South America / Brazil / Minas Gerais / Diamantina
EPI_ISL_18493655,25/09/2023,10/11/2023,South America / Brazil / Minas Gerais / Ouro Branco
EPI_ISL_18493656,26/09/2023,10/11/2023,South America / Brazil / Minas Gerais / Uba
EPI_ISL_18493657,26/09/2023,10/11/2023,South America / Brazil / Minas Gerais / Congonhas
EPI_ISL_18493658,29/09/2023,10/11/2023,South America / Brazil / Minas Gerais / Carmopolis de Minas
EPI_ISL_18493659,02/10/2023,10/11/2023,South America / Brazil / Minas Gerais / Piumhi
EPI_ISL_18493660,01/10/2023,10/11/2023,South America / Brazil / Minas Gerais / Paracatu
EPI_ISL_18493661,03/10/2023,10/11/2023,South America / Brazil / Minas Gerais / Joao Monlevade
EPI_ISL_18493662,02/10/2023,10/11/2023,South America / Brazil / Minas Gerais / Ituiutaba
EPI_ISL_18493663,02/10/2023,10/11/2023,South America / Brazil / Minas Gerais / Conselheiro Lafaiete
EPI_ISL_18493664,05/10/2023,10/11/2023,South America / Brazil / Minas Gerais / Belo Horizonte
EPI_ISL_18493665,04/10/2023,10/11/2023,South America / Brazil / Minas Gerais / Belo Horizonte
EPI_ISL_18493666,02/10/2023,10/11/2023,South America / Brazil / Minas Gerais / Coronel Fabriciano
EPI_ISL_18493667,04/10/2023,10/11/2023,South America / Brazil / Minas Gerais / Varginha
EPI_ISL_18493668,04/10/2023,10/11/2023,South America / Brazil / Minas Gerais / Alfenas
EPI_ISL_18493669,05/10/2023,10/11/2023,South America / Brazil / Minas Gerais / Sao Lourenco
EPI_ISL_18493670,06/10/2023,10/11/2023,South America / Brazil / Minas Gerais / Santa Luzia
EPI_ISL_18493671,05/10/2023,10/11/2023,South America / Brazil / Minas Gerais / Contagem
EPI_ISL_18493672,07/10/2023,10/11/2023,South America / Brazil / Minas Gerais / Tres Coracoes
EPI_ISL_18493673,05/10/2023,10/11/2023,South America / Brazil / Minas Gerais / Mirai
EPI_ISL_18493674,10/10/2023,10/11/2023,South America / Brazil / Minas Gerais / Contagem
EPI_ISL_18493675,04/10/2023,10/11/2023,South America / Brazil / Minas Gerais / Belo Horizonte
EPI_ISL_18493676,09/10/2023,10/11/2023,South America / Brazil / Minas Gerais / Belo Horizonte
EPI_ISL_18493677,03/10/2023,10/11/2023,South America / Brazil / Minas Gerais / Belo Horizonte
EPI_ISL_18493678,09/10/2023,10/11/2023,South America / Brazil / Minas Gerais / Alfenas
EPI_ISL_18493679,10/10/2023,10/11/2023,South America / Brazil / Minas Gerais / Varginha
EPI_ISL_18493680,15/10/2023,10/11/2023,South America / Brazil / Minas Gerais / Joao Monlevade
EPI_ISL_18493681,10/10/2023,10/11/2023,South America / Brazil / Minas Gerais / Belo Horizonte
EPI_ISL_18493682,11/10/2023,10/11/2023,South America / Brazil / Minas Gerais / Belo Horizonte
EPI_ISL_18493683,12/10/2023,10/11/2023,South America / Brazil / Minas Gerais / Belo Horizonte
EPI_ISL_18493684,15/10/2023,10/11/2023,South America / Brazil / Minas Gerais / Belo Horizonte
EPI_ISL_18493685,16/10/2023,10/11/2023,South America / Brazil / Minas Gerais / Sao Lourenco
EPI_ISL_18493686,17/10/2023,10/11/2023,South America / Brazil / Minas Gerais / Conselheiro Lafaiete
EPI_ISL_18493687,16/10/2023,10/11/2023,South America / Brazil / Minas Gerais / Belo Horizonte
EPI_ISL_18493688,10/10/2023,10/11/2023,South America / Brazil / Minas Gerais / Mirai
EPI_ISL_18493689,05/10/2023,10/11/2023,South America / Brazil / Minas Gerais / Unai
EPI_ISL_18493690,16/10/2023,10/11/2023,South America / Brazil / Minas Gerais / Pouso Alegre
EPI_ISL_18493691,17/10/2023,10/11/2023,South America / Brazil / Minas Gerais / Extrema
EPI_ISL_18493692,16/10/2023,10/11/2023,South America / Brazil / Minas Gerais / Extrema
EPI_ISL_18493693,08/10/2023,10/11/2023,South America / Brazil / Minas Gerais / Lavras
EPI_ISL_18493694,09/10/2023,10/11/2023,South America / Brazil / Minas Gerais / Lavras
EPI_ISL_18493695,10/10/2023,10/11/2023,South America / Brazil / Minas Gerais / Lavras
EPI_ISL_18519361,07/01/2023,17/11/2023,South America / Brazil / Minas Gerais
EPI_ISL_18519362,10/01/2023,17/11/2023,South America / Brazil / Minas Gerais
EPI_ISL_18519892,02/08/2023,18/11/2023,South America / Brazil / Minas Gerais / Belo Horizonte
EPI_ISL_18519894,18/10/2023,18/11/2023,South America / Brazil / Minas Gerais / Boa Esperanca
EPI_ISL_18519895,18/10/2023,18/11/2023,South America / Brazil / Minas Gerais / Boa Esperanca
EPI_ISL_18519896,27/09/2023,18/11/2023,South America / Brazil / Minas Gerais / Boa Esperanca
EPI_ISL_18519897,02/10/2023,18/11/2023,South America / Brazil / Minas Gerais / Boa Esperanca
EPI_ISL_18519898,27/09/2023,18/11/2023,South America / Brazil / Minas Gerais / Boa Esperanca
EPI_ISL_18519899,02/10/2023,18/11/2023,South America / Brazil / Minas Gerais / Boa Esperanca
EPI_ISL_18519900,27/09/2023,18/11/2023,South America / Brazil / Minas Gerais / Campanha
EPI_ISL_18519901,27/09/2023,18/11/2023,South America / Brazil / Minas Gerais / Campanha
EPI_ISL_18519902,02/10/2023,18/11/2023,South America / Brazil / Minas Gerais / Campanha
EPI_ISL_18519903,27/09/2023,18/11/2023,South America / Brazil / Minas Gerais / Campanha
EPI_ISL_18519904,27/09/2023,18/11/2023,South America / Brazil / Minas Gerais / Campanha
EPI_ISL_18519905,02/10/2023,18/11/2023,South America / Brazil / Minas Gerais / Campanha
EPI_ISL_18519906,10/10/2023,18/11/2023,South America / Brazil / Minas Gerais / Carmo da Cachoeira
EPI_ISL_18519907,27/09/2023,18/11/2023,South America / Brazil / Minas Gerais / Carrancas
EPI_ISL_18519908,20/08/2023,18/11/2023,South America / Brazil / Minas Gerais / Diamantina
EPI_ISL_18519909,05/09/2023,18/11/2023,South America / Brazil / Minas Gerais / Diamantina
EPI_ISL_18519910,14/09/2023,18/11/2023,South America / Brazil / Minas Gerais / Diamantina
EPI_ISL_18519911,17/09/2023,18/11/2023,South America / Brazil / Minas Gerais / Diamantina
EPI_ISL_18519912,26/09/2023,18/11/2023,South America / Brazil / Minas Gerais / Diamantina
EPI_ISL_18519913,27/09/2023,18/11/2023,South America / Brazil / Minas Gerais / Diamantina
EPI_ISL_18519914,24/09/2023,18/11/2023,South America / Brazil / Minas Gerais / Diamantina
EPI_ISL_18519915,02/10/2023,18/11/2023,South America / Brazil / Minas Gerais / Diamantina
EPI_ISL_18519916,29/09/2023,18/11/2023,South America / Brazil / Minas Gerais / Diamantina
EPI_ISL_18519917,27/09/2023,18/11/2023,South America / Brazil / Minas Gerais / Eloi Mendes
EPI_ISL_18519918,27/09/2023,18/11/2023,South America / Brazil / Minas Gerais / Eloi Mendes
EPI_ISL_18519919,27/09/2023,18/11/2023,South America / Brazil / Minas Gerais / Itanhandu
EPI_ISL_18519920,27/09/2023,18/11/2023,South America / Brazil / Minas Gerais / Itanhandu
EPI_ISL_18519921,24/05/2023,18/11/2023,South America / Brazil / Minas Gerais / lavras
EPI_ISL_18519922,24/05/2023,18/11/2023,South America / Brazil / Minas Gerais / lavras
EPI_ISL_18519923,19/07/2023,18/11/2023,South America / Brazil / Minas Gerais / Lavras
EPI_ISL_18519924,30/08/2023,18/11/2023,South America / Brazil / Minas Gerais / lavras
EPI_ISL_18519925,20/09/2023,18/11/2023,South America / Brazil / Minas Gerais / lavras
EPI_ISL_18519926,20/09/2023,18/11/2023,South America / Brazil / Minas Gerais / Lavras
EPI_ISL_18519927,27/09/2023,18/11/2023,South America / Brazil / Minas Gerais / Lavras
EPI_ISL_18519928,27/09/2023,18/11/2023,South America / Brazil / Minas Gerais / Lavras
EPI_ISL_18519929,02/10/2023,18/11/2023,South America / Brazil / Minas Gerais / lavras
EPI_ISL_18519930,02/10/2023,18/11/2023,South America / Brazil / Minas Gerais / lavras
EPI_ISL_18519931,17/05/2023,18/11/2023,South America / Brazil / Minas Gerais / Sao Lourenco
